ISO-10303-21;
HEADER;
/* Generated by software containing ST-Developer
 * from STEP Tools, Inc. (www.steptools.com) 
 */

FILE_DESCRIPTION(
/* description */ ('Designed by EasyEDA Pro'),
/* implementation_level */ '2;1');

FILE_NAME(
/* name */ 'FLARM_USB_UPDATER.step',
/* time_stamp */ '2026-06-08T20:16:59+02:00',
/* author */ (''),
/* organization */ (''),
/* preprocessor_version */ 'ST-DEVELOPER v20.1',
/* originating_system */ 'Autodesk Translation Framework v15.8.0.0',
/* authorisation */ '');

FILE_SCHEMA (('AUTOMOTIVE_DESIGN { 1 0 10303 214 3 1 1 }'));
ENDSEC;

DATA;
#10=MECHANICAL_DESIGN_GEOMETRIC_PRESENTATION_REPRESENTATION('',(#23,#24),
#2446);
#11=ITEM_DEFINED_TRANSFORMATION($,$,#1482,#1609);
#12=ITEM_DEFINED_TRANSFORMATION($,$,#1566,#1610);
#13=(
REPRESENTATION_RELATIONSHIP($,$,#2460,#2459)
REPRESENTATION_RELATIONSHIP_WITH_TRANSFORMATION(#11)
SHAPE_REPRESENTATION_RELATIONSHIP()
);
#14=(
REPRESENTATION_RELATIONSHIP($,$,#2461,#2459)
REPRESENTATION_RELATIONSHIP_WITH_TRANSFORMATION(#12)
SHAPE_REPRESENTATION_RELATIONSHIP()
);
#15=CONTEXT_DEPENDENT_SHAPE_REPRESENTATION(#13,#2457);
#16=CONTEXT_DEPENDENT_SHAPE_REPRESENTATION(#14,#2458);
#17=NEXT_ASSEMBLY_USAGE_OCCURRENCE('Box for PCB:1','Box for PCB:1',
'Box for PCB:1',#2463,#2464,'Box for PCB:1');
#18=NEXT_ASSEMBLY_USAGE_OCCURRENCE('Component30:1','Component30:1',
'Component30:1',#2463,#2465,'Component30:1');
#19=SHAPE_REPRESENTATION_RELATIONSHIP('SRR','None',#2460,#21);
#20=SHAPE_REPRESENTATION_RELATIONSHIP('SRR','None',#2461,#22);
#21=ADVANCED_BREP_SHAPE_REPRESENTATION('',(#25),#2444);
#22=ADVANCED_BREP_SHAPE_REPRESENTATION('',(#26),#2445);
#23=STYLED_ITEM('',(#2478),#25);
#24=STYLED_ITEM('',(#2478),#26);
#25=MANIFOLD_SOLID_BREP('Body1',#1456);
#26=MANIFOLD_SOLID_BREP('Body1',#1457);
#27=FACE_BOUND('',#185,.T.);
#28=FACE_BOUND('',#187,.T.);
#29=FACE_BOUND('',#188,.T.);
#30=FACE_BOUND('',#189,.T.);
#31=FACE_BOUND('',#190,.T.);
#32=FACE_BOUND('',#194,.T.);
#33=FACE_BOUND('',#199,.T.);
#34=FACE_BOUND('',#204,.T.);
#35=FACE_BOUND('',#208,.T.);
#36=FACE_BOUND('',#209,.T.);
#37=FACE_BOUND('',#210,.T.);
#38=FACE_BOUND('',#218,.T.);
#39=FACE_BOUND('',#232,.T.);
#40=FACE_BOUND('',#234,.T.);
#41=FACE_BOUND('',#235,.T.);
#42=FACE_BOUND('',#236,.T.);
#43=PLANE('',#1492);
#44=PLANE('',#1499);
#45=PLANE('',#1500);
#46=PLANE('',#1509);
#47=PLANE('',#1510);
#48=PLANE('',#1516);
#49=PLANE('',#1517);
#50=PLANE('',#1523);
#51=PLANE('',#1524);
#52=PLANE('',#1528);
#53=PLANE('',#1529);
#54=PLANE('',#1535);
#55=PLANE('',#1538);
#56=PLANE('',#1541);
#57=PLANE('',#1546);
#58=PLANE('',#1549);
#59=PLANE('',#1552);
#60=PLANE('',#1555);
#61=PLANE('',#1558);
#62=PLANE('',#1559);
#63=PLANE('',#1560);
#64=PLANE('',#1561);
#65=PLANE('',#1562);
#66=PLANE('',#1563);
#67=PLANE('',#1564);
#68=PLANE('',#1565);
#69=PLANE('',#1567);
#70=PLANE('',#1568);
#71=PLANE('',#1569);
#72=PLANE('',#1570);
#73=PLANE('',#1571);
#74=PLANE('',#1572);
#75=PLANE('',#1573);
#76=PLANE('',#1574);
#77=PLANE('',#1575);
#78=PLANE('',#1576);
#79=PLANE('',#1577);
#80=PLANE('',#1578);
#81=PLANE('',#1579);
#82=PLANE('',#1580);
#83=PLANE('',#1581);
#84=PLANE('',#1582);
#85=PLANE('',#1587);
#86=PLANE('',#1588);
#87=PLANE('',#1589);
#88=PLANE('',#1590);
#89=PLANE('',#1591);
#90=PLANE('',#1592);
#91=PLANE('',#1593);
#92=PLANE('',#1594);
#93=PLANE('',#1595);
#94=PLANE('',#1596);
#95=PLANE('',#1601);
#96=PLANE('',#1603);
#97=PLANE('',#1605);
#98=PLANE('',#1607);
#99=FACE_OUTER_BOUND('',#178,.T.);
#100=FACE_OUTER_BOUND('',#179,.T.);
#101=FACE_OUTER_BOUND('',#180,.T.);
#102=FACE_OUTER_BOUND('',#181,.T.);
#103=FACE_OUTER_BOUND('',#182,.T.);
#104=FACE_OUTER_BOUND('',#183,.T.);
#105=FACE_OUTER_BOUND('',#184,.T.);
#106=FACE_OUTER_BOUND('',#186,.T.);
#107=FACE_OUTER_BOUND('',#191,.T.);
#108=FACE_OUTER_BOUND('',#192,.T.);
#109=FACE_OUTER_BOUND('',#193,.T.);
#110=FACE_OUTER_BOUND('',#195,.T.);
#111=FACE_OUTER_BOUND('',#196,.T.);
#112=FACE_OUTER_BOUND('',#197,.T.);
#113=FACE_OUTER_BOUND('',#198,.T.);
#114=FACE_OUTER_BOUND('',#200,.T.);
#115=FACE_OUTER_BOUND('',#201,.T.);
#116=FACE_OUTER_BOUND('',#202,.T.);
#117=FACE_OUTER_BOUND('',#203,.T.);
#118=FACE_OUTER_BOUND('',#205,.T.);
#119=FACE_OUTER_BOUND('',#206,.T.);
#120=FACE_OUTER_BOUND('',#207,.T.);
#121=FACE_OUTER_BOUND('',#211,.T.);
#122=FACE_OUTER_BOUND('',#212,.T.);
#123=FACE_OUTER_BOUND('',#213,.T.);
#124=FACE_OUTER_BOUND('',#214,.T.);
#125=FACE_OUTER_BOUND('',#215,.T.);
#126=FACE_OUTER_BOUND('',#216,.T.);
#127=FACE_OUTER_BOUND('',#217,.T.);
#128=FACE_OUTER_BOUND('',#219,.T.);
#129=FACE_OUTER_BOUND('',#220,.T.);
#130=FACE_OUTER_BOUND('',#221,.T.);
#131=FACE_OUTER_BOUND('',#222,.T.);
#132=FACE_OUTER_BOUND('',#223,.T.);
#133=FACE_OUTER_BOUND('',#224,.T.);
#134=FACE_OUTER_BOUND('',#225,.T.);
#135=FACE_OUTER_BOUND('',#226,.T.);
#136=FACE_OUTER_BOUND('',#227,.T.);
#137=FACE_OUTER_BOUND('',#228,.T.);
#138=FACE_OUTER_BOUND('',#229,.T.);
#139=FACE_OUTER_BOUND('',#230,.T.);
#140=FACE_OUTER_BOUND('',#231,.T.);
#141=FACE_OUTER_BOUND('',#233,.T.);
#142=FACE_OUTER_BOUND('',#237,.T.);
#143=FACE_OUTER_BOUND('',#238,.T.);
#144=FACE_OUTER_BOUND('',#239,.T.);
#145=FACE_OUTER_BOUND('',#240,.T.);
#146=FACE_OUTER_BOUND('',#241,.T.);
#147=FACE_OUTER_BOUND('',#242,.T.);
#148=FACE_OUTER_BOUND('',#243,.T.);
#149=FACE_OUTER_BOUND('',#244,.T.);
#150=FACE_OUTER_BOUND('',#245,.T.);
#151=FACE_OUTER_BOUND('',#246,.T.);
#152=FACE_OUTER_BOUND('',#247,.T.);
#153=FACE_OUTER_BOUND('',#248,.T.);
#154=FACE_OUTER_BOUND('',#249,.T.);
#155=FACE_OUTER_BOUND('',#250,.T.);
#156=FACE_OUTER_BOUND('',#251,.T.);
#157=FACE_OUTER_BOUND('',#252,.T.);
#158=FACE_OUTER_BOUND('',#253,.T.);
#159=FACE_OUTER_BOUND('',#254,.T.);
#160=FACE_OUTER_BOUND('',#255,.T.);
#161=FACE_OUTER_BOUND('',#256,.T.);
#162=FACE_OUTER_BOUND('',#257,.T.);
#163=FACE_OUTER_BOUND('',#258,.T.);
#164=FACE_OUTER_BOUND('',#259,.T.);
#165=FACE_OUTER_BOUND('',#260,.T.);
#166=FACE_OUTER_BOUND('',#261,.T.);
#167=FACE_OUTER_BOUND('',#262,.T.);
#168=FACE_OUTER_BOUND('',#263,.T.);
#169=FACE_OUTER_BOUND('',#264,.T.);
#170=FACE_OUTER_BOUND('',#265,.T.);
#171=FACE_OUTER_BOUND('',#266,.T.);
#172=FACE_OUTER_BOUND('',#267,.T.);
#173=FACE_OUTER_BOUND('',#268,.T.);
#174=FACE_OUTER_BOUND('',#269,.T.);
#175=FACE_OUTER_BOUND('',#270,.T.);
#176=FACE_OUTER_BOUND('',#271,.T.);
#177=FACE_OUTER_BOUND('',#272,.T.);
#178=EDGE_LOOP('',(#956,#957,#958,#959));
#179=EDGE_LOOP('',(#960,#961,#962,#963));
#180=EDGE_LOOP('',(#964,#965,#966,#967));
#181=EDGE_LOOP('',(#968,#969,#970,#971));
#182=EDGE_LOOP('',(#972,#973,#974,#975));
#183=EDGE_LOOP('',(#976,#977,#978,#979));
#184=EDGE_LOOP('',(#980));
#185=EDGE_LOOP('',(#981));
#186=EDGE_LOOP('',(#982,#983,#984,#985));
#187=EDGE_LOOP('',(#986));
#188=EDGE_LOOP('',(#987));
#189=EDGE_LOOP('',(#988));
#190=EDGE_LOOP('',(#989));
#191=EDGE_LOOP('',(#990,#991,#992,#993));
#192=EDGE_LOOP('',(#994,#995,#996,#997));
#193=EDGE_LOOP('',(#998));
#194=EDGE_LOOP('',(#999));
#195=EDGE_LOOP('',(#1000));
#196=EDGE_LOOP('',(#1001,#1002,#1003,#1004));
#197=EDGE_LOOP('',(#1005,#1006,#1007,#1008));
#198=EDGE_LOOP('',(#1009));
#199=EDGE_LOOP('',(#1010));
#200=EDGE_LOOP('',(#1011));
#201=EDGE_LOOP('',(#1012,#1013,#1014,#1015));
#202=EDGE_LOOP('',(#1016,#1017,#1018,#1019));
#203=EDGE_LOOP('',(#1020));
#204=EDGE_LOOP('',(#1021));
#205=EDGE_LOOP('',(#1022));
#206=EDGE_LOOP('',(#1023,#1024,#1025,#1026));
#207=EDGE_LOOP('',(#1027,#1028,#1029,#1030));
#208=EDGE_LOOP('',(#1031));
#209=EDGE_LOOP('',(#1032));
#210=EDGE_LOOP('',(#1033));
#211=EDGE_LOOP('',(#1034,#1035,#1036,#1037,#1038,#1039,#1040,#1041,#1042,
#1043,#1044,#1045,#1046,#1047,#1048,#1049));
#212=EDGE_LOOP('',(#1050,#1051,#1052,#1053));
#213=EDGE_LOOP('',(#1054,#1055,#1056,#1057,#1058,#1059,#1060,#1061));
#214=EDGE_LOOP('',(#1062,#1063,#1064,#1065));
#215=EDGE_LOOP('',(#1066,#1067,#1068,#1069));
#216=EDGE_LOOP('',(#1070,#1071,#1072,#1073));
#217=EDGE_LOOP('',(#1074,#1075,#1076,#1077));
#218=EDGE_LOOP('',(#1078,#1079,#1080,#1081,#1082,#1083,#1084,#1085));
#219=EDGE_LOOP('',(#1086,#1087,#1088,#1089));
#220=EDGE_LOOP('',(#1090,#1091,#1092,#1093));
#221=EDGE_LOOP('',(#1094,#1095,#1096,#1097));
#222=EDGE_LOOP('',(#1098,#1099,#1100,#1101));
#223=EDGE_LOOP('',(#1102,#1103,#1104,#1105));
#224=EDGE_LOOP('',(#1106,#1107,#1108,#1109));
#225=EDGE_LOOP('',(#1110,#1111,#1112,#1113));
#226=EDGE_LOOP('',(#1114,#1115,#1116,#1117));
#227=EDGE_LOOP('',(#1118,#1119,#1120,#1121,#1122,#1123,#1124,#1125));
#228=EDGE_LOOP('',(#1126,#1127,#1128,#1129));
#229=EDGE_LOOP('',(#1130,#1131,#1132,#1133));
#230=EDGE_LOOP('',(#1134,#1135,#1136,#1137));
#231=EDGE_LOOP('',(#1138,#1139,#1140,#1141));
#232=EDGE_LOOP('',(#1142,#1143,#1144,#1145,#1146,#1147,#1148,#1149));
#233=EDGE_LOOP('',(#1150,#1151,#1152,#1153));
#234=EDGE_LOOP('',(#1154));
#235=EDGE_LOOP('',(#1155));
#236=EDGE_LOOP('',(#1156));
#237=EDGE_LOOP('',(#1157));
#238=EDGE_LOOP('',(#1158,#1159,#1160,#1161,#1162,#1163,#1164,#1165));
#239=EDGE_LOOP('',(#1166,#1167,#1168,#1169));
#240=EDGE_LOOP('',(#1170,#1171,#1172,#1173));
#241=EDGE_LOOP('',(#1174,#1175,#1176,#1177,#1178,#1179));
#242=EDGE_LOOP('',(#1180,#1181,#1182,#1183,#1184));
#243=EDGE_LOOP('',(#1185,#1186,#1187,#1188,#1189,#1190,#1191,#1192,#1193,
#1194,#1195,#1196));
#244=EDGE_LOOP('',(#1197,#1198,#1199,#1200,#1201));
#245=EDGE_LOOP('',(#1202,#1203,#1204,#1205));
#246=EDGE_LOOP('',(#1206,#1207,#1208,#1209));
#247=EDGE_LOOP('',(#1210,#1211,#1212,#1213));
#248=EDGE_LOOP('',(#1214,#1215,#1216,#1217));
#249=EDGE_LOOP('',(#1218,#1219,#1220,#1221,#1222,#1223));
#250=EDGE_LOOP('',(#1224,#1225,#1226,#1227));
#251=EDGE_LOOP('',(#1228,#1229,#1230,#1231));
#252=EDGE_LOOP('',(#1232,#1233,#1234,#1235));
#253=EDGE_LOOP('',(#1236,#1237,#1238,#1239));
#254=EDGE_LOOP('',(#1240,#1241,#1242,#1243,#1244,#1245,#1246,#1247,#1248,
#1249,#1250,#1251,#1252,#1253,#1254,#1255));
#255=EDGE_LOOP('',(#1256,#1257,#1258,#1259));
#256=EDGE_LOOP('',(#1260,#1261,#1262,#1263));
#257=EDGE_LOOP('',(#1264,#1265,#1266,#1267));
#258=EDGE_LOOP('',(#1268,#1269,#1270,#1271,#1272,#1273,#1274));
#259=EDGE_LOOP('',(#1275,#1276,#1277,#1278,#1279,#1280,#1281,#1282,#1283,
#1284,#1285,#1286));
#260=EDGE_LOOP('',(#1287,#1288,#1289,#1290,#1291,#1292,#1293));
#261=EDGE_LOOP('',(#1294,#1295,#1296,#1297));
#262=EDGE_LOOP('',(#1298,#1299,#1300,#1301));
#263=EDGE_LOOP('',(#1302,#1303,#1304,#1305));
#264=EDGE_LOOP('',(#1306,#1307,#1308,#1309,#1310,#1311,#1312,#1313));
#265=EDGE_LOOP('',(#1314,#1315,#1316,#1317,#1318,#1319,#1320,#1321,#1322,
#1323,#1324,#1325));
#266=EDGE_LOOP('',(#1326,#1327,#1328,#1329));
#267=EDGE_LOOP('',(#1330,#1331,#1332,#1333));
#268=EDGE_LOOP('',(#1334,#1335,#1336,#1337));
#269=EDGE_LOOP('',(#1338,#1339,#1340,#1341));
#270=EDGE_LOOP('',(#1342,#1343,#1344,#1345));
#271=EDGE_LOOP('',(#1346,#1347,#1348,#1349));
#272=EDGE_LOOP('',(#1350,#1351,#1352,#1353));
#273=LINE('',#2030,#426);
#274=LINE('',#2036,#427);
#275=LINE('',#2042,#428);
#276=LINE('',#2047,#429);
#277=LINE('',#2049,#430);
#278=LINE('',#2051,#431);
#279=LINE('',#2052,#432);
#280=LINE('',#2057,#433);
#281=LINE('',#2063,#434);
#282=LINE('',#2069,#435);
#283=LINE('',#2071,#436);
#284=LINE('',#2073,#437);
#285=LINE('',#2074,#438);
#286=LINE('',#2085,#439);
#287=LINE('',#2090,#440);
#288=LINE('',#2097,#441);
#289=LINE('',#2102,#442);
#290=LINE('',#2109,#443);
#291=LINE('',#2114,#444);
#292=LINE('',#2122,#445);
#293=LINE('',#2125,#446);
#294=LINE('',#2128,#447);
#295=LINE('',#2130,#448);
#296=LINE('',#2131,#449);
#297=LINE('',#2134,#450);
#298=LINE('',#2138,#451);
#299=LINE('',#2141,#452);
#300=LINE('',#2143,#453);
#301=LINE('',#2145,#454);
#302=LINE('',#2147,#455);
#303=LINE('',#2149,#456);
#304=LINE('',#2151,#457);
#305=LINE('',#2153,#458);
#306=LINE('',#2155,#459);
#307=LINE('',#2159,#460);
#308=LINE('',#2163,#461);
#309=LINE('',#2164,#462);
#310=LINE('',#2166,#463);
#311=LINE('',#2167,#464);
#312=LINE('',#2170,#465);
#313=LINE('',#2174,#466);
#314=LINE('',#2175,#467);
#315=LINE('',#2178,#468);
#316=LINE('',#2181,#469);
#317=LINE('',#2184,#470);
#318=LINE('',#2188,#471);
#319=LINE('',#2192,#472);
#320=LINE('',#2196,#473);
#321=LINE('',#2201,#474);
#322=LINE('',#2202,#475);
#323=LINE('',#2203,#476);
#324=LINE('',#2207,#477);
#325=LINE('',#2210,#478);
#326=LINE('',#2211,#479);
#327=LINE('',#2215,#480);
#328=LINE('',#2218,#481);
#329=LINE('',#2219,#482);
#330=LINE('',#2223,#483);
#331=LINE('',#2226,#484);
#332=LINE('',#2227,#485);
#333=LINE('',#2232,#486);
#334=LINE('',#2233,#487);
#335=LINE('',#2234,#488);
#336=LINE('',#2235,#489);
#337=LINE('',#2237,#490);
#338=LINE('',#2240,#491);
#339=LINE('',#2242,#492);
#340=LINE('',#2250,#493);
#341=LINE('',#2252,#494);
#342=LINE('',#2254,#495);
#343=LINE('',#2255,#496);
#344=LINE('',#2259,#497);
#345=LINE('',#2261,#498);
#346=LINE('',#2263,#499);
#347=LINE('',#2264,#500);
#348=LINE('',#2267,#501);
#349=LINE('',#2269,#502);
#350=LINE('',#2271,#503);
#351=LINE('',#2273,#504);
#352=LINE('',#2274,#505);
#353=LINE('',#2277,#506);
#354=LINE('',#2279,#507);
#355=LINE('',#2281,#508);
#356=LINE('',#2282,#509);
#357=LINE('',#2285,#510);
#358=LINE('',#2287,#511);
#359=LINE('',#2289,#512);
#360=LINE('',#2290,#513);
#361=LINE('',#2292,#514);
#362=LINE('',#2294,#515);
#363=LINE('',#2296,#516);
#364=LINE('',#2297,#517);
#365=LINE('',#2300,#518);
#366=LINE('',#2302,#519);
#367=LINE('',#2303,#520);
#368=LINE('',#2306,#521);
#369=LINE('',#2308,#522);
#370=LINE('',#2309,#523);
#371=LINE('',#2312,#524);
#372=LINE('',#2313,#525);
#373=LINE('',#2316,#526);
#374=LINE('',#2317,#527);
#375=LINE('',#2320,#528);
#376=LINE('',#2321,#529);
#377=LINE('',#2324,#530);
#378=LINE('',#2326,#531);
#379=LINE('',#2327,#532);
#380=LINE('',#2330,#533);
#381=LINE('',#2332,#534);
#382=LINE('',#2333,#535);
#383=LINE('',#2336,#536);
#384=LINE('',#2337,#537);
#385=LINE('',#2340,#538);
#386=LINE('',#2341,#539);
#387=LINE('',#2343,#540);
#388=LINE('',#2346,#541);
#389=LINE('',#2348,#542);
#390=LINE('',#2352,#543);
#391=LINE('',#2356,#544);
#392=LINE('',#2360,#545);
#393=LINE('',#2364,#546);
#394=LINE('',#2365,#547);
#395=LINE('',#2369,#548);
#396=LINE('',#2371,#549);
#397=LINE('',#2373,#550);
#398=LINE('',#2374,#551);
#399=LINE('',#2376,#552);
#400=LINE('',#2377,#553);
#401=LINE('',#2380,#554);
#402=LINE('',#2381,#555);
#403=LINE('',#2383,#556);
#404=LINE('',#2386,#557);
#405=LINE('',#2388,#558);
#406=LINE('',#2389,#559);
#407=LINE('',#2393,#560);
#408=LINE('',#2394,#561);
#409=LINE('',#2396,#562);
#410=LINE('',#2397,#563);
#411=LINE('',#2399,#564);
#412=LINE('',#2400,#565);
#413=LINE('',#2403,#566);
#414=LINE('',#2407,#567);
#415=LINE('',#2411,#568);
#416=LINE('',#2415,#569);
#417=LINE('',#2419,#570);
#418=LINE('',#2422,#571);
#419=LINE('',#2423,#572);
#420=LINE('',#2425,#573);
#421=LINE('',#2427,#574);
#422=LINE('',#2429,#575);
#423=LINE('',#2431,#576);
#424=LINE('',#2433,#577);
#425=LINE('',#2435,#578);
#426=VECTOR('',#1619,0.573368538807928);
#427=VECTOR('',#1626,0.573368538807928);
#428=VECTOR('',#1633,0.573368538807928);
#429=VECTOR('',#1638,10.);
#430=VECTOR('',#1639,10.);
#431=VECTOR('',#1640,10.);
#432=VECTOR('',#1641,10.);
#433=VECTOR('',#1646,0.750000000000002);
#434=VECTOR('',#1653,2.50000254000501);
#435=VECTOR('',#1660,10.);
#436=VECTOR('',#1661,10.);
#437=VECTOR('',#1662,10.);
#438=VECTOR('',#1663,10.);
#439=VECTOR('',#1674,0.75);
#440=VECTOR('',#1681,2.500002540005);
#441=VECTOR('',#1690,0.750000000000002);
#442=VECTOR('',#1697,2.50000254000501);
#443=VECTOR('',#1706,0.750000000000001);
#444=VECTOR('',#1713,2.500002540005);
#445=VECTOR('',#1722,10.);
#446=VECTOR('',#1725,10.);
#447=VECTOR('',#1728,10.);
#448=VECTOR('',#1729,10.);
#449=VECTOR('',#1730,10.);
#450=VECTOR('',#1733,10.);
#451=VECTOR('',#1736,10.);
#452=VECTOR('',#1739,10.);
#453=VECTOR('',#1740,10.);
#454=VECTOR('',#1741,10.);
#455=VECTOR('',#1742,10.);
#456=VECTOR('',#1743,10.);
#457=VECTOR('',#1744,10.);
#458=VECTOR('',#1745,10.);
#459=VECTOR('',#1746,10.);
#460=VECTOR('',#1751,10.);
#461=VECTOR('',#1756,10.);
#462=VECTOR('',#1757,10.);
#463=VECTOR('',#1758,10.);
#464=VECTOR('',#1759,10.);
#465=VECTOR('',#1762,10.);
#466=VECTOR('',#1767,10.);
#467=VECTOR('',#1768,10.);
#468=VECTOR('',#1771,10.);
#469=VECTOR('',#1776,10.);
#470=VECTOR('',#1777,10.);
#471=VECTOR('',#1780,10.);
#472=VECTOR('',#1783,10.);
#473=VECTOR('',#1786,10.);
#474=VECTOR('',#1791,10.);
#475=VECTOR('',#1792,10.);
#476=VECTOR('',#1793,10.);
#477=VECTOR('',#1798,10.);
#478=VECTOR('',#1801,10.);
#479=VECTOR('',#1802,10.);
#480=VECTOR('',#1807,10.);
#481=VECTOR('',#1810,10.);
#482=VECTOR('',#1811,10.);
#483=VECTOR('',#1816,10.);
#484=VECTOR('',#1819,10.);
#485=VECTOR('',#1820,10.);
#486=VECTOR('',#1827,10.);
#487=VECTOR('',#1828,10.);
#488=VECTOR('',#1829,10.);
#489=VECTOR('',#1830,10.);
#490=VECTOR('',#1833,10.);
#491=VECTOR('',#1838,10.);
#492=VECTOR('',#1841,10.);
#493=VECTOR('',#1852,10.);
#494=VECTOR('',#1853,10.);
#495=VECTOR('',#1854,10.);
#496=VECTOR('',#1855,10.);
#497=VECTOR('',#1858,10.);
#498=VECTOR('',#1859,10.);
#499=VECTOR('',#1860,10.);
#500=VECTOR('',#1861,10.);
#501=VECTOR('',#1864,10.);
#502=VECTOR('',#1865,10.);
#503=VECTOR('',#1866,10.);
#504=VECTOR('',#1867,10.);
#505=VECTOR('',#1868,10.);
#506=VECTOR('',#1871,10.);
#507=VECTOR('',#1872,10.);
#508=VECTOR('',#1873,10.);
#509=VECTOR('',#1874,10.);
#510=VECTOR('',#1877,10.);
#511=VECTOR('',#1878,10.);
#512=VECTOR('',#1879,10.);
#513=VECTOR('',#1880,10.);
#514=VECTOR('',#1881,10.);
#515=VECTOR('',#1882,10.);
#516=VECTOR('',#1883,10.);
#517=VECTOR('',#1884,10.);
#518=VECTOR('',#1887,10.);
#519=VECTOR('',#1888,10.);
#520=VECTOR('',#1889,10.);
#521=VECTOR('',#1892,10.);
#522=VECTOR('',#1893,10.);
#523=VECTOR('',#1894,10.);
#524=VECTOR('',#1897,10.);
#525=VECTOR('',#1898,10.);
#526=VECTOR('',#1901,10.);
#527=VECTOR('',#1902,10.);
#528=VECTOR('',#1905,10.);
#529=VECTOR('',#1906,10.);
#530=VECTOR('',#1909,10.);
#531=VECTOR('',#1910,10.);
#532=VECTOR('',#1911,10.);
#533=VECTOR('',#1914,10.);
#534=VECTOR('',#1915,10.);
#535=VECTOR('',#1916,10.);
#536=VECTOR('',#1919,10.);
#537=VECTOR('',#1920,10.);
#538=VECTOR('',#1923,10.);
#539=VECTOR('',#1924,10.);
#540=VECTOR('',#1927,10.);
#541=VECTOR('',#1930,10.);
#542=VECTOR('',#1931,10.);
#543=VECTOR('',#1934,10.);
#544=VECTOR('',#1937,10.);
#545=VECTOR('',#1940,10.);
#546=VECTOR('',#1943,10.);
#547=VECTOR('',#1944,10.);
#548=VECTOR('',#1947,10.);
#549=VECTOR('',#1948,10.);
#550=VECTOR('',#1949,10.);
#551=VECTOR('',#1950,10.);
#552=VECTOR('',#1953,10.);
#553=VECTOR('',#1954,10.);
#554=VECTOR('',#1957,10.);
#555=VECTOR('',#1958,10.);
#556=VECTOR('',#1961,10.);
#557=VECTOR('',#1964,10.);
#558=VECTOR('',#1965,10.);
#559=VECTOR('',#1966,10.);
#560=VECTOR('',#1969,10.);
#561=VECTOR('',#1970,10.);
#562=VECTOR('',#1971,10.);
#563=VECTOR('',#1972,10.);
#564=VECTOR('',#1975,10.);
#565=VECTOR('',#1976,10.);
#566=VECTOR('',#1981,10.);
#567=VECTOR('',#1984,10.);
#568=VECTOR('',#1987,10.);
#569=VECTOR('',#1990,10.);
#570=VECTOR('',#1993,10.);
#571=VECTOR('',#1998,10.);
#572=VECTOR('',#1999,10.);
#573=VECTOR('',#2002,10.);
#574=VECTOR('',#2005,10.);
#575=VECTOR('',#2008,10.);
#576=VECTOR('',#2011,10.);
#577=VECTOR('',#2014,10.);
#578=VECTOR('',#2017,10.);
#579=CIRCLE('',#1484,1.07336853880793);
#580=CIRCLE('',#1485,1.07336853880793);
#581=CIRCLE('',#1487,1.07336853880793);
#582=CIRCLE('',#1488,1.07336853880793);
#583=CIRCLE('',#1490,1.07336853880793);
#584=CIRCLE('',#1491,1.07336853880793);
#585=CIRCLE('',#1494,0.750000000000002);
#586=CIRCLE('',#1495,0.750000000000002);
#587=CIRCLE('',#1497,2.50000254000501);
#588=CIRCLE('',#1498,2.50000254000501);
#589=CIRCLE('',#1501,2.500002540005);
#590=CIRCLE('',#1502,2.500002540005);
#591=CIRCLE('',#1503,2.50000254000501);
#592=CIRCLE('',#1505,0.75);
#593=CIRCLE('',#1506,0.75);
#594=CIRCLE('',#1508,2.500002540005);
#595=CIRCLE('',#1512,0.750000000000002);
#596=CIRCLE('',#1513,0.750000000000002);
#597=CIRCLE('',#1515,2.50000254000501);
#598=CIRCLE('',#1519,0.750000000000001);
#599=CIRCLE('',#1520,0.750000000000001);
#600=CIRCLE('',#1522,2.500002540005);
#601=CIRCLE('',#1526,1.);
#602=CIRCLE('',#1527,1.);
#603=CIRCLE('',#1530,1.);
#604=CIRCLE('',#1531,1.);
#605=CIRCLE('',#1532,1.);
#606=CIRCLE('',#1534,1.);
#607=CIRCLE('',#1537,1.);
#608=CIRCLE('',#1540,1.);
#609=CIRCLE('',#1542,1.16999998829034);
#610=CIRCLE('',#1543,1.16999998829);
#611=CIRCLE('',#1544,1.16999998829);
#612=CIRCLE('',#1545,1.16999998828983);
#613=CIRCLE('',#1548,1.16999998828983);
#614=CIRCLE('',#1551,1.16999998829);
#615=CIRCLE('',#1554,1.16999998829);
#616=CIRCLE('',#1557,1.16999998829034);
#617=CIRCLE('',#1583,0.999999999999999);
#618=CIRCLE('',#1584,0.999999999999999);
#619=CIRCLE('',#1585,1.);
#620=CIRCLE('',#1586,0.999999999999988);
#621=CIRCLE('',#1597,0.999999999999988);
#622=CIRCLE('',#1598,1.);
#623=CIRCLE('',#1599,0.999999999999999);
#624=CIRCLE('',#1600,0.999999999999999);
#625=VERTEX_POINT('',#2027);
#626=VERTEX_POINT('',#2029);
#627=VERTEX_POINT('',#2033);
#628=VERTEX_POINT('',#2035);
#629=VERTEX_POINT('',#2039);
#630=VERTEX_POINT('',#2041);
#631=VERTEX_POINT('',#2045);
#632=VERTEX_POINT('',#2046);
#633=VERTEX_POINT('',#2048);
#634=VERTEX_POINT('',#2050);
#635=VERTEX_POINT('',#2054);
#636=VERTEX_POINT('',#2056);
#637=VERTEX_POINT('',#2060);
#638=VERTEX_POINT('',#2062);
#639=VERTEX_POINT('',#2067);
#640=VERTEX_POINT('',#2068);
#641=VERTEX_POINT('',#2070);
#642=VERTEX_POINT('',#2072);
#643=VERTEX_POINT('',#2075);
#644=VERTEX_POINT('',#2077);
#645=VERTEX_POINT('',#2079);
#646=VERTEX_POINT('',#2082);
#647=VERTEX_POINT('',#2084);
#648=VERTEX_POINT('',#2088);
#649=VERTEX_POINT('',#2094);
#650=VERTEX_POINT('',#2096);
#651=VERTEX_POINT('',#2100);
#652=VERTEX_POINT('',#2106);
#653=VERTEX_POINT('',#2108);
#654=VERTEX_POINT('',#2112);
#655=VERTEX_POINT('',#2118);
#656=VERTEX_POINT('',#2119);
#657=VERTEX_POINT('',#2121);
#658=VERTEX_POINT('',#2123);
#659=VERTEX_POINT('',#2127);
#660=VERTEX_POINT('',#2129);
#661=VERTEX_POINT('',#2133);
#662=VERTEX_POINT('',#2135);
#663=VERTEX_POINT('',#2137);
#664=VERTEX_POINT('',#2139);
#665=VERTEX_POINT('',#2142);
#666=VERTEX_POINT('',#2144);
#667=VERTEX_POINT('',#2146);
#668=VERTEX_POINT('',#2148);
#669=VERTEX_POINT('',#2150);
#670=VERTEX_POINT('',#2152);
#671=VERTEX_POINT('',#2154);
#672=VERTEX_POINT('',#2158);
#673=VERTEX_POINT('',#2162);
#674=VERTEX_POINT('',#2165);
#675=VERTEX_POINT('',#2169);
#676=VERTEX_POINT('',#2173);
#677=VERTEX_POINT('',#2177);
#678=VERTEX_POINT('',#2182);
#679=VERTEX_POINT('',#2183);
#680=VERTEX_POINT('',#2185);
#681=VERTEX_POINT('',#2187);
#682=VERTEX_POINT('',#2189);
#683=VERTEX_POINT('',#2191);
#684=VERTEX_POINT('',#2193);
#685=VERTEX_POINT('',#2195);
#686=VERTEX_POINT('',#2199);
#687=VERTEX_POINT('',#2200);
#688=VERTEX_POINT('',#2205);
#689=VERTEX_POINT('',#2209);
#690=VERTEX_POINT('',#2213);
#691=VERTEX_POINT('',#2217);
#692=VERTEX_POINT('',#2221);
#693=VERTEX_POINT('',#2225);
#694=VERTEX_POINT('',#2231);
#695=VERTEX_POINT('',#2248);
#696=VERTEX_POINT('',#2249);
#697=VERTEX_POINT('',#2251);
#698=VERTEX_POINT('',#2253);
#699=VERTEX_POINT('',#2257);
#700=VERTEX_POINT('',#2258);
#701=VERTEX_POINT('',#2260);
#702=VERTEX_POINT('',#2262);
#703=VERTEX_POINT('',#2266);
#704=VERTEX_POINT('',#2268);
#705=VERTEX_POINT('',#2270);
#706=VERTEX_POINT('',#2272);
#707=VERTEX_POINT('',#2276);
#708=VERTEX_POINT('',#2278);
#709=VERTEX_POINT('',#2280);
#710=VERTEX_POINT('',#2284);
#711=VERTEX_POINT('',#2286);
#712=VERTEX_POINT('',#2288);
#713=VERTEX_POINT('',#2291);
#714=VERTEX_POINT('',#2293);
#715=VERTEX_POINT('',#2295);
#716=VERTEX_POINT('',#2299);
#717=VERTEX_POINT('',#2301);
#718=VERTEX_POINT('',#2305);
#719=VERTEX_POINT('',#2307);
#720=VERTEX_POINT('',#2311);
#721=VERTEX_POINT('',#2315);
#722=VERTEX_POINT('',#2319);
#723=VERTEX_POINT('',#2323);
#724=VERTEX_POINT('',#2325);
#725=VERTEX_POINT('',#2329);
#726=VERTEX_POINT('',#2331);
#727=VERTEX_POINT('',#2335);
#728=VERTEX_POINT('',#2339);
#729=VERTEX_POINT('',#2345);
#730=VERTEX_POINT('',#2347);
#731=VERTEX_POINT('',#2349);
#732=VERTEX_POINT('',#2351);
#733=VERTEX_POINT('',#2353);
#734=VERTEX_POINT('',#2355);
#735=VERTEX_POINT('',#2357);
#736=VERTEX_POINT('',#2359);
#737=VERTEX_POINT('',#2361);
#738=VERTEX_POINT('',#2363);
#739=VERTEX_POINT('',#2367);
#740=VERTEX_POINT('',#2368);
#741=VERTEX_POINT('',#2370);
#742=VERTEX_POINT('',#2372);
#743=VERTEX_POINT('',#2379);
#744=VERTEX_POINT('',#2385);
#745=VERTEX_POINT('',#2387);
#746=VERTEX_POINT('',#2391);
#747=VERTEX_POINT('',#2392);
#748=VERTEX_POINT('',#2395);
#749=VERTEX_POINT('',#2405);
#750=VERTEX_POINT('',#2406);
#751=VERTEX_POINT('',#2408);
#752=VERTEX_POINT('',#2410);
#753=VERTEX_POINT('',#2412);
#754=VERTEX_POINT('',#2414);
#755=VERTEX_POINT('',#2416);
#756=VERTEX_POINT('',#2418);
#757=EDGE_CURVE('',#625,#625,#579,.T.);
#758=EDGE_CURVE('',#625,#626,#273,.T.);
#759=EDGE_CURVE('',#626,#626,#580,.F.);
#760=EDGE_CURVE('',#627,#627,#581,.T.);
#761=EDGE_CURVE('',#627,#628,#274,.T.);
#762=EDGE_CURVE('',#628,#628,#582,.F.);
#763=EDGE_CURVE('',#629,#629,#583,.T.);
#764=EDGE_CURVE('',#629,#630,#275,.T.);
#765=EDGE_CURVE('',#630,#630,#584,.F.);
#766=EDGE_CURVE('',#631,#632,#276,.T.);
#767=EDGE_CURVE('',#631,#633,#277,.T.);
#768=EDGE_CURVE('',#634,#633,#278,.T.);
#769=EDGE_CURVE('',#632,#634,#279,.T.);
#770=EDGE_CURVE('',#635,#635,#585,.T.);
#771=EDGE_CURVE('',#635,#636,#280,.T.);
#772=EDGE_CURVE('',#636,#636,#586,.T.);
#773=EDGE_CURVE('',#637,#637,#587,.T.);
#774=EDGE_CURVE('',#637,#638,#281,.T.);
#775=EDGE_CURVE('',#638,#638,#588,.T.);
#776=EDGE_CURVE('',#639,#640,#282,.T.);
#777=EDGE_CURVE('',#641,#640,#283,.T.);
#778=EDGE_CURVE('',#641,#642,#284,.T.);
#779=EDGE_CURVE('',#639,#642,#285,.T.);
#780=EDGE_CURVE('',#643,#643,#589,.T.);
#781=EDGE_CURVE('',#644,#644,#590,.T.);
#782=EDGE_CURVE('',#645,#645,#591,.T.);
#783=EDGE_CURVE('',#646,#646,#592,.T.);
#784=EDGE_CURVE('',#646,#647,#286,.T.);
#785=EDGE_CURVE('',#647,#647,#593,.T.);
#786=EDGE_CURVE('',#648,#648,#594,.T.);
#787=EDGE_CURVE('',#648,#643,#287,.T.);
#788=EDGE_CURVE('',#649,#649,#595,.T.);
#789=EDGE_CURVE('',#649,#650,#288,.T.);
#790=EDGE_CURVE('',#650,#650,#596,.T.);
#791=EDGE_CURVE('',#651,#651,#597,.T.);
#792=EDGE_CURVE('',#651,#645,#289,.T.);
#793=EDGE_CURVE('',#652,#652,#598,.T.);
#794=EDGE_CURVE('',#652,#653,#290,.T.);
#795=EDGE_CURVE('',#653,#653,#599,.T.);
#796=EDGE_CURVE('',#654,#654,#600,.T.);
#797=EDGE_CURVE('',#654,#644,#291,.T.);
#798=EDGE_CURVE('',#655,#656,#601,.T.);
#799=EDGE_CURVE('',#656,#657,#292,.T.);
#800=EDGE_CURVE('',#657,#658,#602,.T.);
#801=EDGE_CURVE('',#658,#655,#293,.T.);
#802=EDGE_CURVE('',#656,#659,#294,.T.);
#803=EDGE_CURVE('',#660,#659,#295,.T.);
#804=EDGE_CURVE('',#660,#657,#296,.T.);
#805=EDGE_CURVE('',#661,#655,#297,.T.);
#806=EDGE_CURVE('',#662,#661,#603,.T.);
#807=EDGE_CURVE('',#663,#662,#298,.T.);
#808=EDGE_CURVE('',#664,#663,#604,.T.);
#809=EDGE_CURVE('',#632,#664,#299,.T.);
#810=EDGE_CURVE('',#634,#665,#300,.T.);
#811=EDGE_CURVE('',#665,#666,#301,.T.);
#812=EDGE_CURVE('',#666,#667,#302,.T.);
#813=EDGE_CURVE('',#667,#668,#303,.T.);
#814=EDGE_CURVE('',#668,#669,#304,.T.);
#815=EDGE_CURVE('',#669,#670,#305,.T.);
#816=EDGE_CURVE('',#671,#670,#306,.T.);
#817=EDGE_CURVE('',#659,#671,#605,.T.);
#818=EDGE_CURVE('',#671,#672,#307,.T.);
#819=EDGE_CURVE('',#672,#660,#606,.T.);
#820=EDGE_CURVE('',#670,#673,#308,.T.);
#821=EDGE_CURVE('',#673,#631,#309,.T.);
#822=EDGE_CURVE('',#674,#664,#310,.T.);
#823=EDGE_CURVE('',#672,#674,#311,.F.);
#824=EDGE_CURVE('',#663,#675,#312,.T.);
#825=EDGE_CURVE('',#675,#674,#607,.T.);
#826=EDGE_CURVE('',#676,#662,#313,.T.);
#827=EDGE_CURVE('',#676,#675,#314,.T.);
#828=EDGE_CURVE('',#661,#677,#315,.T.);
#829=EDGE_CURVE('',#677,#676,#608,.T.);
#830=EDGE_CURVE('',#677,#658,#316,.F.);
#831=EDGE_CURVE('',#678,#679,#317,.T.);
#832=EDGE_CURVE('',#679,#680,#609,.T.);
#833=EDGE_CURVE('',#680,#681,#318,.T.);
#834=EDGE_CURVE('',#681,#682,#610,.T.);
#835=EDGE_CURVE('',#682,#683,#319,.T.);
#836=EDGE_CURVE('',#683,#684,#611,.T.);
#837=EDGE_CURVE('',#684,#685,#320,.T.);
#838=EDGE_CURVE('',#685,#678,#612,.T.);
#839=EDGE_CURVE('',#686,#687,#321,.T.);
#840=EDGE_CURVE('',#679,#686,#322,.T.);
#841=EDGE_CURVE('',#678,#687,#323,.T.);
#842=EDGE_CURVE('',#687,#688,#613,.T.);
#843=EDGE_CURVE('',#685,#688,#324,.T.);
#844=EDGE_CURVE('',#688,#689,#325,.T.);
#845=EDGE_CURVE('',#684,#689,#326,.T.);
#846=EDGE_CURVE('',#689,#690,#614,.T.);
#847=EDGE_CURVE('',#683,#690,#327,.T.);
#848=EDGE_CURVE('',#690,#691,#328,.T.);
#849=EDGE_CURVE('',#682,#691,#329,.T.);
#850=EDGE_CURVE('',#691,#692,#615,.T.);
#851=EDGE_CURVE('',#681,#692,#330,.T.);
#852=EDGE_CURVE('',#692,#693,#331,.T.);
#853=EDGE_CURVE('',#680,#693,#332,.T.);
#854=EDGE_CURVE('',#693,#686,#616,.T.);
#855=EDGE_CURVE('',#694,#669,#333,.T.);
#856=EDGE_CURVE('',#641,#668,#334,.T.);
#857=EDGE_CURVE('',#640,#665,#335,.T.);
#858=EDGE_CURVE('',#633,#694,#336,.T.);
#859=EDGE_CURVE('',#673,#694,#337,.T.);
#860=EDGE_CURVE('',#639,#666,#338,.T.);
#861=EDGE_CURVE('',#642,#667,#339,.T.);
#862=EDGE_CURVE('',#695,#696,#340,.T.);
#863=EDGE_CURVE('',#697,#695,#341,.T.);
#864=EDGE_CURVE('',#698,#697,#342,.F.);
#865=EDGE_CURVE('',#696,#698,#343,.T.);
#866=EDGE_CURVE('',#699,#700,#344,.T.);
#867=EDGE_CURVE('',#701,#699,#345,.T.);
#868=EDGE_CURVE('',#702,#701,#346,.F.);
#869=EDGE_CURVE('',#702,#700,#347,.T.);
#870=EDGE_CURVE('',#703,#695,#348,.T.);
#871=EDGE_CURVE('',#704,#696,#349,.T.);
#872=EDGE_CURVE('',#705,#704,#350,.T.);
#873=EDGE_CURVE('',#706,#705,#351,.T.);
#874=EDGE_CURVE('',#706,#703,#352,.T.);
#875=EDGE_CURVE('',#707,#701,#353,.F.);
#876=EDGE_CURVE('',#708,#707,#354,.F.);
#877=EDGE_CURVE('',#709,#708,#355,.F.);
#878=EDGE_CURVE('',#709,#702,#356,.F.);
#879=EDGE_CURVE('',#698,#710,#357,.F.);
#880=EDGE_CURVE('',#710,#711,#358,.F.);
#881=EDGE_CURVE('',#711,#712,#359,.F.);
#882=EDGE_CURVE('',#712,#707,#360,.F.);
#883=EDGE_CURVE('',#699,#713,#361,.T.);
#884=EDGE_CURVE('',#713,#714,#362,.T.);
#885=EDGE_CURVE('',#714,#715,#363,.T.);
#886=EDGE_CURVE('',#715,#704,#364,.T.);
#887=EDGE_CURVE('',#716,#697,#365,.T.);
#888=EDGE_CURVE('',#717,#716,#366,.F.);
#889=EDGE_CURVE('',#717,#710,#367,.F.);
#890=EDGE_CURVE('',#718,#703,#368,.T.);
#891=EDGE_CURVE('',#719,#706,#369,.T.);
#892=EDGE_CURVE('',#718,#719,#370,.T.);
#893=EDGE_CURVE('',#705,#720,#371,.T.);
#894=EDGE_CURVE('',#720,#715,#372,.T.);
#895=EDGE_CURVE('',#720,#721,#373,.T.);
#896=EDGE_CURVE('',#721,#714,#374,.T.);
#897=EDGE_CURVE('',#721,#722,#375,.T.);
#898=EDGE_CURVE('',#722,#713,#376,.T.);
#899=EDGE_CURVE('',#700,#723,#377,.T.);
#900=EDGE_CURVE('',#724,#723,#378,.T.);
#901=EDGE_CURVE('',#722,#724,#379,.T.);
#902=EDGE_CURVE('',#723,#725,#380,.T.);
#903=EDGE_CURVE('',#726,#725,#381,.T.);
#904=EDGE_CURVE('',#724,#726,#382,.T.);
#905=EDGE_CURVE('',#708,#727,#383,.F.);
#906=EDGE_CURVE('',#727,#712,#384,.F.);
#907=EDGE_CURVE('',#727,#728,#385,.F.);
#908=EDGE_CURVE('',#728,#711,#386,.T.);
#909=EDGE_CURVE('',#728,#717,#387,.F.);
#910=EDGE_CURVE('',#716,#729,#388,.T.);
#911=EDGE_CURVE('',#729,#730,#389,.T.);
#912=EDGE_CURVE('',#731,#730,#617,.T.);
#913=EDGE_CURVE('',#732,#731,#390,.T.);
#914=EDGE_CURVE('',#733,#732,#618,.T.);
#915=EDGE_CURVE('',#734,#733,#391,.T.);
#916=EDGE_CURVE('',#735,#734,#619,.T.);
#917=EDGE_CURVE('',#736,#735,#392,.T.);
#918=EDGE_CURVE('',#737,#736,#620,.T.);
#919=EDGE_CURVE('',#737,#738,#393,.T.);
#920=EDGE_CURVE('',#738,#709,#394,.T.);
#921=EDGE_CURVE('',#739,#740,#395,.T.);
#922=EDGE_CURVE('',#739,#741,#396,.T.);
#923=EDGE_CURVE('',#742,#741,#397,.T.);
#924=EDGE_CURVE('',#740,#742,#398,.T.);
#925=EDGE_CURVE('',#740,#719,#399,.T.);
#926=EDGE_CURVE('',#718,#742,#400,.T.);
#927=EDGE_CURVE('',#743,#697,#401,.T.);
#928=EDGE_CURVE('',#729,#743,#402,.T.);
#929=EDGE_CURVE('',#741,#743,#403,.T.);
#930=EDGE_CURVE('',#726,#744,#404,.T.);
#931=EDGE_CURVE('',#744,#745,#405,.T.);
#932=EDGE_CURVE('',#745,#739,#406,.T.);
#933=EDGE_CURVE('',#746,#747,#407,.T.);
#934=EDGE_CURVE('',#747,#725,#408,.T.);
#935=EDGE_CURVE('',#702,#748,#409,.T.);
#936=EDGE_CURVE('',#748,#746,#410,.T.);
#937=EDGE_CURVE('',#744,#747,#411,.T.);
#938=EDGE_CURVE('',#745,#746,#412,.T.);
#939=EDGE_CURVE('',#738,#748,#413,.T.);
#940=EDGE_CURVE('',#749,#750,#414,.T.);
#941=EDGE_CURVE('',#750,#751,#621,.T.);
#942=EDGE_CURVE('',#751,#752,#415,.T.);
#943=EDGE_CURVE('',#752,#753,#622,.T.);
#944=EDGE_CURVE('',#753,#754,#416,.T.);
#945=EDGE_CURVE('',#754,#755,#623,.T.);
#946=EDGE_CURVE('',#755,#756,#417,.T.);
#947=EDGE_CURVE('',#756,#749,#624,.T.);
#948=EDGE_CURVE('',#737,#750,#418,.T.);
#949=EDGE_CURVE('',#730,#749,#419,.T.);
#950=EDGE_CURVE('',#736,#751,#420,.T.);
#951=EDGE_CURVE('',#735,#752,#421,.T.);
#952=EDGE_CURVE('',#734,#753,#422,.T.);
#953=EDGE_CURVE('',#733,#754,#423,.T.);
#954=EDGE_CURVE('',#732,#755,#424,.T.);
#955=EDGE_CURVE('',#731,#756,#425,.T.);
#956=ORIENTED_EDGE('',*,*,#757,.F.);
#957=ORIENTED_EDGE('',*,*,#758,.T.);
#958=ORIENTED_EDGE('',*,*,#759,.F.);
#959=ORIENTED_EDGE('',*,*,#758,.F.);
#960=ORIENTED_EDGE('',*,*,#760,.F.);
#961=ORIENTED_EDGE('',*,*,#761,.T.);
#962=ORIENTED_EDGE('',*,*,#762,.F.);
#963=ORIENTED_EDGE('',*,*,#761,.F.);
#964=ORIENTED_EDGE('',*,*,#763,.F.);
#965=ORIENTED_EDGE('',*,*,#764,.T.);
#966=ORIENTED_EDGE('',*,*,#765,.F.);
#967=ORIENTED_EDGE('',*,*,#764,.F.);
#968=ORIENTED_EDGE('',*,*,#766,.F.);
#969=ORIENTED_EDGE('',*,*,#767,.T.);
#970=ORIENTED_EDGE('',*,*,#768,.F.);
#971=ORIENTED_EDGE('',*,*,#769,.F.);
#972=ORIENTED_EDGE('',*,*,#770,.F.);
#973=ORIENTED_EDGE('',*,*,#771,.T.);
#974=ORIENTED_EDGE('',*,*,#772,.F.);
#975=ORIENTED_EDGE('',*,*,#771,.F.);
#976=ORIENTED_EDGE('',*,*,#773,.F.);
#977=ORIENTED_EDGE('',*,*,#774,.T.);
#978=ORIENTED_EDGE('',*,*,#775,.F.);
#979=ORIENTED_EDGE('',*,*,#774,.F.);
#980=ORIENTED_EDGE('',*,*,#773,.T.);
#981=ORIENTED_EDGE('',*,*,#770,.T.);
#982=ORIENTED_EDGE('',*,*,#776,.T.);
#983=ORIENTED_EDGE('',*,*,#777,.F.);
#984=ORIENTED_EDGE('',*,*,#778,.T.);
#985=ORIENTED_EDGE('',*,*,#779,.F.);
#986=ORIENTED_EDGE('',*,*,#780,.T.);
#987=ORIENTED_EDGE('',*,*,#781,.T.);
#988=ORIENTED_EDGE('',*,*,#782,.T.);
#989=ORIENTED_EDGE('',*,*,#775,.T.);
#990=ORIENTED_EDGE('',*,*,#783,.F.);
#991=ORIENTED_EDGE('',*,*,#784,.T.);
#992=ORIENTED_EDGE('',*,*,#785,.F.);
#993=ORIENTED_EDGE('',*,*,#784,.F.);
#994=ORIENTED_EDGE('',*,*,#786,.F.);
#995=ORIENTED_EDGE('',*,*,#787,.T.);
#996=ORIENTED_EDGE('',*,*,#780,.F.);
#997=ORIENTED_EDGE('',*,*,#787,.F.);
#998=ORIENTED_EDGE('',*,*,#786,.T.);
#999=ORIENTED_EDGE('',*,*,#783,.T.);
#1000=ORIENTED_EDGE('',*,*,#772,.T.);
#1001=ORIENTED_EDGE('',*,*,#788,.F.);
#1002=ORIENTED_EDGE('',*,*,#789,.T.);
#1003=ORIENTED_EDGE('',*,*,#790,.F.);
#1004=ORIENTED_EDGE('',*,*,#789,.F.);
#1005=ORIENTED_EDGE('',*,*,#791,.F.);
#1006=ORIENTED_EDGE('',*,*,#792,.T.);
#1007=ORIENTED_EDGE('',*,*,#782,.F.);
#1008=ORIENTED_EDGE('',*,*,#792,.F.);
#1009=ORIENTED_EDGE('',*,*,#791,.T.);
#1010=ORIENTED_EDGE('',*,*,#788,.T.);
#1011=ORIENTED_EDGE('',*,*,#785,.T.);
#1012=ORIENTED_EDGE('',*,*,#793,.F.);
#1013=ORIENTED_EDGE('',*,*,#794,.T.);
#1014=ORIENTED_EDGE('',*,*,#795,.F.);
#1015=ORIENTED_EDGE('',*,*,#794,.F.);
#1016=ORIENTED_EDGE('',*,*,#796,.F.);
#1017=ORIENTED_EDGE('',*,*,#797,.T.);
#1018=ORIENTED_EDGE('',*,*,#781,.F.);
#1019=ORIENTED_EDGE('',*,*,#797,.F.);
#1020=ORIENTED_EDGE('',*,*,#796,.T.);
#1021=ORIENTED_EDGE('',*,*,#793,.T.);
#1022=ORIENTED_EDGE('',*,*,#790,.T.);
#1023=ORIENTED_EDGE('',*,*,#798,.T.);
#1024=ORIENTED_EDGE('',*,*,#799,.T.);
#1025=ORIENTED_EDGE('',*,*,#800,.T.);
#1026=ORIENTED_EDGE('',*,*,#801,.T.);
#1027=ORIENTED_EDGE('',*,*,#799,.F.);
#1028=ORIENTED_EDGE('',*,*,#802,.T.);
#1029=ORIENTED_EDGE('',*,*,#803,.F.);
#1030=ORIENTED_EDGE('',*,*,#804,.T.);
#1031=ORIENTED_EDGE('',*,*,#757,.T.);
#1032=ORIENTED_EDGE('',*,*,#760,.T.);
#1033=ORIENTED_EDGE('',*,*,#763,.T.);
#1034=ORIENTED_EDGE('',*,*,#798,.F.);
#1035=ORIENTED_EDGE('',*,*,#805,.F.);
#1036=ORIENTED_EDGE('',*,*,#806,.F.);
#1037=ORIENTED_EDGE('',*,*,#807,.F.);
#1038=ORIENTED_EDGE('',*,*,#808,.F.);
#1039=ORIENTED_EDGE('',*,*,#809,.F.);
#1040=ORIENTED_EDGE('',*,*,#769,.T.);
#1041=ORIENTED_EDGE('',*,*,#810,.T.);
#1042=ORIENTED_EDGE('',*,*,#811,.T.);
#1043=ORIENTED_EDGE('',*,*,#812,.T.);
#1044=ORIENTED_EDGE('',*,*,#813,.T.);
#1045=ORIENTED_EDGE('',*,*,#814,.T.);
#1046=ORIENTED_EDGE('',*,*,#815,.T.);
#1047=ORIENTED_EDGE('',*,*,#816,.F.);
#1048=ORIENTED_EDGE('',*,*,#817,.F.);
#1049=ORIENTED_EDGE('',*,*,#802,.F.);
#1050=ORIENTED_EDGE('',*,*,#817,.T.);
#1051=ORIENTED_EDGE('',*,*,#818,.T.);
#1052=ORIENTED_EDGE('',*,*,#819,.T.);
#1053=ORIENTED_EDGE('',*,*,#803,.T.);
#1054=ORIENTED_EDGE('',*,*,#818,.F.);
#1055=ORIENTED_EDGE('',*,*,#816,.T.);
#1056=ORIENTED_EDGE('',*,*,#820,.T.);
#1057=ORIENTED_EDGE('',*,*,#821,.T.);
#1058=ORIENTED_EDGE('',*,*,#766,.T.);
#1059=ORIENTED_EDGE('',*,*,#809,.T.);
#1060=ORIENTED_EDGE('',*,*,#822,.F.);
#1061=ORIENTED_EDGE('',*,*,#823,.F.);
#1062=ORIENTED_EDGE('',*,*,#808,.T.);
#1063=ORIENTED_EDGE('',*,*,#824,.T.);
#1064=ORIENTED_EDGE('',*,*,#825,.T.);
#1065=ORIENTED_EDGE('',*,*,#822,.T.);
#1066=ORIENTED_EDGE('',*,*,#824,.F.);
#1067=ORIENTED_EDGE('',*,*,#807,.T.);
#1068=ORIENTED_EDGE('',*,*,#826,.F.);
#1069=ORIENTED_EDGE('',*,*,#827,.T.);
#1070=ORIENTED_EDGE('',*,*,#806,.T.);
#1071=ORIENTED_EDGE('',*,*,#828,.T.);
#1072=ORIENTED_EDGE('',*,*,#829,.T.);
#1073=ORIENTED_EDGE('',*,*,#826,.T.);
#1074=ORIENTED_EDGE('',*,*,#801,.F.);
#1075=ORIENTED_EDGE('',*,*,#830,.F.);
#1076=ORIENTED_EDGE('',*,*,#828,.F.);
#1077=ORIENTED_EDGE('',*,*,#805,.T.);
#1078=ORIENTED_EDGE('',*,*,#831,.T.);
#1079=ORIENTED_EDGE('',*,*,#832,.T.);
#1080=ORIENTED_EDGE('',*,*,#833,.T.);
#1081=ORIENTED_EDGE('',*,*,#834,.T.);
#1082=ORIENTED_EDGE('',*,*,#835,.T.);
#1083=ORIENTED_EDGE('',*,*,#836,.T.);
#1084=ORIENTED_EDGE('',*,*,#837,.T.);
#1085=ORIENTED_EDGE('',*,*,#838,.T.);
#1086=ORIENTED_EDGE('',*,*,#839,.F.);
#1087=ORIENTED_EDGE('',*,*,#840,.F.);
#1088=ORIENTED_EDGE('',*,*,#831,.F.);
#1089=ORIENTED_EDGE('',*,*,#841,.T.);
#1090=ORIENTED_EDGE('',*,*,#842,.F.);
#1091=ORIENTED_EDGE('',*,*,#841,.F.);
#1092=ORIENTED_EDGE('',*,*,#838,.F.);
#1093=ORIENTED_EDGE('',*,*,#843,.T.);
#1094=ORIENTED_EDGE('',*,*,#844,.F.);
#1095=ORIENTED_EDGE('',*,*,#843,.F.);
#1096=ORIENTED_EDGE('',*,*,#837,.F.);
#1097=ORIENTED_EDGE('',*,*,#845,.T.);
#1098=ORIENTED_EDGE('',*,*,#846,.F.);
#1099=ORIENTED_EDGE('',*,*,#845,.F.);
#1100=ORIENTED_EDGE('',*,*,#836,.F.);
#1101=ORIENTED_EDGE('',*,*,#847,.T.);
#1102=ORIENTED_EDGE('',*,*,#848,.F.);
#1103=ORIENTED_EDGE('',*,*,#847,.F.);
#1104=ORIENTED_EDGE('',*,*,#835,.F.);
#1105=ORIENTED_EDGE('',*,*,#849,.T.);
#1106=ORIENTED_EDGE('',*,*,#850,.F.);
#1107=ORIENTED_EDGE('',*,*,#849,.F.);
#1108=ORIENTED_EDGE('',*,*,#834,.F.);
#1109=ORIENTED_EDGE('',*,*,#851,.T.);
#1110=ORIENTED_EDGE('',*,*,#852,.F.);
#1111=ORIENTED_EDGE('',*,*,#851,.F.);
#1112=ORIENTED_EDGE('',*,*,#833,.F.);
#1113=ORIENTED_EDGE('',*,*,#853,.T.);
#1114=ORIENTED_EDGE('',*,*,#854,.F.);
#1115=ORIENTED_EDGE('',*,*,#853,.F.);
#1116=ORIENTED_EDGE('',*,*,#832,.F.);
#1117=ORIENTED_EDGE('',*,*,#840,.T.);
#1118=ORIENTED_EDGE('',*,*,#855,.T.);
#1119=ORIENTED_EDGE('',*,*,#814,.F.);
#1120=ORIENTED_EDGE('',*,*,#856,.F.);
#1121=ORIENTED_EDGE('',*,*,#777,.T.);
#1122=ORIENTED_EDGE('',*,*,#857,.T.);
#1123=ORIENTED_EDGE('',*,*,#810,.F.);
#1124=ORIENTED_EDGE('',*,*,#768,.T.);
#1125=ORIENTED_EDGE('',*,*,#858,.T.);
#1126=ORIENTED_EDGE('',*,*,#858,.F.);
#1127=ORIENTED_EDGE('',*,*,#767,.F.);
#1128=ORIENTED_EDGE('',*,*,#821,.F.);
#1129=ORIENTED_EDGE('',*,*,#859,.T.);
#1130=ORIENTED_EDGE('',*,*,#855,.F.);
#1131=ORIENTED_EDGE('',*,*,#859,.F.);
#1132=ORIENTED_EDGE('',*,*,#820,.F.);
#1133=ORIENTED_EDGE('',*,*,#815,.F.);
#1134=ORIENTED_EDGE('',*,*,#811,.F.);
#1135=ORIENTED_EDGE('',*,*,#857,.F.);
#1136=ORIENTED_EDGE('',*,*,#776,.F.);
#1137=ORIENTED_EDGE('',*,*,#860,.T.);
#1138=ORIENTED_EDGE('',*,*,#812,.F.);
#1139=ORIENTED_EDGE('',*,*,#860,.F.);
#1140=ORIENTED_EDGE('',*,*,#779,.T.);
#1141=ORIENTED_EDGE('',*,*,#861,.T.);
#1142=ORIENTED_EDGE('',*,*,#839,.T.);
#1143=ORIENTED_EDGE('',*,*,#842,.T.);
#1144=ORIENTED_EDGE('',*,*,#844,.T.);
#1145=ORIENTED_EDGE('',*,*,#846,.T.);
#1146=ORIENTED_EDGE('',*,*,#848,.T.);
#1147=ORIENTED_EDGE('',*,*,#850,.T.);
#1148=ORIENTED_EDGE('',*,*,#852,.T.);
#1149=ORIENTED_EDGE('',*,*,#854,.T.);
#1150=ORIENTED_EDGE('',*,*,#813,.F.);
#1151=ORIENTED_EDGE('',*,*,#861,.F.);
#1152=ORIENTED_EDGE('',*,*,#778,.F.);
#1153=ORIENTED_EDGE('',*,*,#856,.T.);
#1154=ORIENTED_EDGE('',*,*,#759,.T.);
#1155=ORIENTED_EDGE('',*,*,#762,.T.);
#1156=ORIENTED_EDGE('',*,*,#765,.T.);
#1157=ORIENTED_EDGE('',*,*,#795,.T.);
#1158=ORIENTED_EDGE('',*,*,#800,.F.);
#1159=ORIENTED_EDGE('',*,*,#804,.F.);
#1160=ORIENTED_EDGE('',*,*,#819,.F.);
#1161=ORIENTED_EDGE('',*,*,#823,.T.);
#1162=ORIENTED_EDGE('',*,*,#825,.F.);
#1163=ORIENTED_EDGE('',*,*,#827,.F.);
#1164=ORIENTED_EDGE('',*,*,#829,.F.);
#1165=ORIENTED_EDGE('',*,*,#830,.T.);
#1166=ORIENTED_EDGE('',*,*,#862,.F.);
#1167=ORIENTED_EDGE('',*,*,#863,.F.);
#1168=ORIENTED_EDGE('',*,*,#864,.F.);
#1169=ORIENTED_EDGE('',*,*,#865,.F.);
#1170=ORIENTED_EDGE('',*,*,#866,.F.);
#1171=ORIENTED_EDGE('',*,*,#867,.F.);
#1172=ORIENTED_EDGE('',*,*,#868,.F.);
#1173=ORIENTED_EDGE('',*,*,#869,.T.);
#1174=ORIENTED_EDGE('',*,*,#870,.T.);
#1175=ORIENTED_EDGE('',*,*,#862,.T.);
#1176=ORIENTED_EDGE('',*,*,#871,.F.);
#1177=ORIENTED_EDGE('',*,*,#872,.F.);
#1178=ORIENTED_EDGE('',*,*,#873,.F.);
#1179=ORIENTED_EDGE('',*,*,#874,.T.);
#1180=ORIENTED_EDGE('',*,*,#868,.T.);
#1181=ORIENTED_EDGE('',*,*,#875,.F.);
#1182=ORIENTED_EDGE('',*,*,#876,.F.);
#1183=ORIENTED_EDGE('',*,*,#877,.F.);
#1184=ORIENTED_EDGE('',*,*,#878,.T.);
#1185=ORIENTED_EDGE('',*,*,#865,.T.);
#1186=ORIENTED_EDGE('',*,*,#879,.T.);
#1187=ORIENTED_EDGE('',*,*,#880,.T.);
#1188=ORIENTED_EDGE('',*,*,#881,.T.);
#1189=ORIENTED_EDGE('',*,*,#882,.T.);
#1190=ORIENTED_EDGE('',*,*,#875,.T.);
#1191=ORIENTED_EDGE('',*,*,#867,.T.);
#1192=ORIENTED_EDGE('',*,*,#883,.T.);
#1193=ORIENTED_EDGE('',*,*,#884,.T.);
#1194=ORIENTED_EDGE('',*,*,#885,.T.);
#1195=ORIENTED_EDGE('',*,*,#886,.T.);
#1196=ORIENTED_EDGE('',*,*,#871,.T.);
#1197=ORIENTED_EDGE('',*,*,#864,.T.);
#1198=ORIENTED_EDGE('',*,*,#887,.F.);
#1199=ORIENTED_EDGE('',*,*,#888,.F.);
#1200=ORIENTED_EDGE('',*,*,#889,.T.);
#1201=ORIENTED_EDGE('',*,*,#879,.F.);
#1202=ORIENTED_EDGE('',*,*,#890,.T.);
#1203=ORIENTED_EDGE('',*,*,#874,.F.);
#1204=ORIENTED_EDGE('',*,*,#891,.F.);
#1205=ORIENTED_EDGE('',*,*,#892,.F.);
#1206=ORIENTED_EDGE('',*,*,#893,.F.);
#1207=ORIENTED_EDGE('',*,*,#872,.T.);
#1208=ORIENTED_EDGE('',*,*,#886,.F.);
#1209=ORIENTED_EDGE('',*,*,#894,.F.);
#1210=ORIENTED_EDGE('',*,*,#895,.F.);
#1211=ORIENTED_EDGE('',*,*,#894,.T.);
#1212=ORIENTED_EDGE('',*,*,#885,.F.);
#1213=ORIENTED_EDGE('',*,*,#896,.F.);
#1214=ORIENTED_EDGE('',*,*,#897,.F.);
#1215=ORIENTED_EDGE('',*,*,#896,.T.);
#1216=ORIENTED_EDGE('',*,*,#884,.F.);
#1217=ORIENTED_EDGE('',*,*,#898,.F.);
#1218=ORIENTED_EDGE('',*,*,#899,.T.);
#1219=ORIENTED_EDGE('',*,*,#900,.F.);
#1220=ORIENTED_EDGE('',*,*,#901,.F.);
#1221=ORIENTED_EDGE('',*,*,#898,.T.);
#1222=ORIENTED_EDGE('',*,*,#883,.F.);
#1223=ORIENTED_EDGE('',*,*,#866,.T.);
#1224=ORIENTED_EDGE('',*,*,#902,.T.);
#1225=ORIENTED_EDGE('',*,*,#903,.F.);
#1226=ORIENTED_EDGE('',*,*,#904,.F.);
#1227=ORIENTED_EDGE('',*,*,#900,.T.);
#1228=ORIENTED_EDGE('',*,*,#905,.F.);
#1229=ORIENTED_EDGE('',*,*,#876,.T.);
#1230=ORIENTED_EDGE('',*,*,#882,.F.);
#1231=ORIENTED_EDGE('',*,*,#906,.F.);
#1232=ORIENTED_EDGE('',*,*,#907,.F.);
#1233=ORIENTED_EDGE('',*,*,#906,.T.);
#1234=ORIENTED_EDGE('',*,*,#881,.F.);
#1235=ORIENTED_EDGE('',*,*,#908,.F.);
#1236=ORIENTED_EDGE('',*,*,#909,.F.);
#1237=ORIENTED_EDGE('',*,*,#908,.T.);
#1238=ORIENTED_EDGE('',*,*,#880,.F.);
#1239=ORIENTED_EDGE('',*,*,#889,.F.);
#1240=ORIENTED_EDGE('',*,*,#877,.T.);
#1241=ORIENTED_EDGE('',*,*,#905,.T.);
#1242=ORIENTED_EDGE('',*,*,#907,.T.);
#1243=ORIENTED_EDGE('',*,*,#909,.T.);
#1244=ORIENTED_EDGE('',*,*,#888,.T.);
#1245=ORIENTED_EDGE('',*,*,#910,.T.);
#1246=ORIENTED_EDGE('',*,*,#911,.T.);
#1247=ORIENTED_EDGE('',*,*,#912,.F.);
#1248=ORIENTED_EDGE('',*,*,#913,.F.);
#1249=ORIENTED_EDGE('',*,*,#914,.F.);
#1250=ORIENTED_EDGE('',*,*,#915,.F.);
#1251=ORIENTED_EDGE('',*,*,#916,.F.);
#1252=ORIENTED_EDGE('',*,*,#917,.F.);
#1253=ORIENTED_EDGE('',*,*,#918,.F.);
#1254=ORIENTED_EDGE('',*,*,#919,.T.);
#1255=ORIENTED_EDGE('',*,*,#920,.T.);
#1256=ORIENTED_EDGE('',*,*,#921,.F.);
#1257=ORIENTED_EDGE('',*,*,#922,.T.);
#1258=ORIENTED_EDGE('',*,*,#923,.F.);
#1259=ORIENTED_EDGE('',*,*,#924,.F.);
#1260=ORIENTED_EDGE('',*,*,#892,.T.);
#1261=ORIENTED_EDGE('',*,*,#925,.F.);
#1262=ORIENTED_EDGE('',*,*,#924,.T.);
#1263=ORIENTED_EDGE('',*,*,#926,.F.);
#1264=ORIENTED_EDGE('',*,*,#910,.F.);
#1265=ORIENTED_EDGE('',*,*,#887,.T.);
#1266=ORIENTED_EDGE('',*,*,#927,.F.);
#1267=ORIENTED_EDGE('',*,*,#928,.F.);
#1268=ORIENTED_EDGE('',*,*,#929,.T.);
#1269=ORIENTED_EDGE('',*,*,#927,.T.);
#1270=ORIENTED_EDGE('',*,*,#863,.T.);
#1271=ORIENTED_EDGE('',*,*,#870,.F.);
#1272=ORIENTED_EDGE('',*,*,#890,.F.);
#1273=ORIENTED_EDGE('',*,*,#926,.T.);
#1274=ORIENTED_EDGE('',*,*,#923,.T.);
#1275=ORIENTED_EDGE('',*,*,#904,.T.);
#1276=ORIENTED_EDGE('',*,*,#930,.T.);
#1277=ORIENTED_EDGE('',*,*,#931,.T.);
#1278=ORIENTED_EDGE('',*,*,#932,.T.);
#1279=ORIENTED_EDGE('',*,*,#921,.T.);
#1280=ORIENTED_EDGE('',*,*,#925,.T.);
#1281=ORIENTED_EDGE('',*,*,#891,.T.);
#1282=ORIENTED_EDGE('',*,*,#873,.T.);
#1283=ORIENTED_EDGE('',*,*,#893,.T.);
#1284=ORIENTED_EDGE('',*,*,#895,.T.);
#1285=ORIENTED_EDGE('',*,*,#897,.T.);
#1286=ORIENTED_EDGE('',*,*,#901,.T.);
#1287=ORIENTED_EDGE('',*,*,#933,.T.);
#1288=ORIENTED_EDGE('',*,*,#934,.T.);
#1289=ORIENTED_EDGE('',*,*,#902,.F.);
#1290=ORIENTED_EDGE('',*,*,#899,.F.);
#1291=ORIENTED_EDGE('',*,*,#869,.F.);
#1292=ORIENTED_EDGE('',*,*,#935,.T.);
#1293=ORIENTED_EDGE('',*,*,#936,.T.);
#1294=ORIENTED_EDGE('',*,*,#931,.F.);
#1295=ORIENTED_EDGE('',*,*,#937,.T.);
#1296=ORIENTED_EDGE('',*,*,#933,.F.);
#1297=ORIENTED_EDGE('',*,*,#938,.F.);
#1298=ORIENTED_EDGE('',*,*,#903,.T.);
#1299=ORIENTED_EDGE('',*,*,#934,.F.);
#1300=ORIENTED_EDGE('',*,*,#937,.F.);
#1301=ORIENTED_EDGE('',*,*,#930,.F.);
#1302=ORIENTED_EDGE('',*,*,#920,.F.);
#1303=ORIENTED_EDGE('',*,*,#939,.T.);
#1304=ORIENTED_EDGE('',*,*,#935,.F.);
#1305=ORIENTED_EDGE('',*,*,#878,.F.);
#1306=ORIENTED_EDGE('',*,*,#940,.T.);
#1307=ORIENTED_EDGE('',*,*,#941,.T.);
#1308=ORIENTED_EDGE('',*,*,#942,.T.);
#1309=ORIENTED_EDGE('',*,*,#943,.T.);
#1310=ORIENTED_EDGE('',*,*,#944,.T.);
#1311=ORIENTED_EDGE('',*,*,#945,.T.);
#1312=ORIENTED_EDGE('',*,*,#946,.T.);
#1313=ORIENTED_EDGE('',*,*,#947,.T.);
#1314=ORIENTED_EDGE('',*,*,#919,.F.);
#1315=ORIENTED_EDGE('',*,*,#948,.T.);
#1316=ORIENTED_EDGE('',*,*,#940,.F.);
#1317=ORIENTED_EDGE('',*,*,#949,.F.);
#1318=ORIENTED_EDGE('',*,*,#911,.F.);
#1319=ORIENTED_EDGE('',*,*,#928,.T.);
#1320=ORIENTED_EDGE('',*,*,#929,.F.);
#1321=ORIENTED_EDGE('',*,*,#922,.F.);
#1322=ORIENTED_EDGE('',*,*,#932,.F.);
#1323=ORIENTED_EDGE('',*,*,#938,.T.);
#1324=ORIENTED_EDGE('',*,*,#936,.F.);
#1325=ORIENTED_EDGE('',*,*,#939,.F.);
#1326=ORIENTED_EDGE('',*,*,#918,.T.);
#1327=ORIENTED_EDGE('',*,*,#950,.T.);
#1328=ORIENTED_EDGE('',*,*,#941,.F.);
#1329=ORIENTED_EDGE('',*,*,#948,.F.);
#1330=ORIENTED_EDGE('',*,*,#917,.T.);
#1331=ORIENTED_EDGE('',*,*,#951,.T.);
#1332=ORIENTED_EDGE('',*,*,#942,.F.);
#1333=ORIENTED_EDGE('',*,*,#950,.F.);
#1334=ORIENTED_EDGE('',*,*,#916,.T.);
#1335=ORIENTED_EDGE('',*,*,#952,.T.);
#1336=ORIENTED_EDGE('',*,*,#943,.F.);
#1337=ORIENTED_EDGE('',*,*,#951,.F.);
#1338=ORIENTED_EDGE('',*,*,#915,.T.);
#1339=ORIENTED_EDGE('',*,*,#953,.T.);
#1340=ORIENTED_EDGE('',*,*,#944,.F.);
#1341=ORIENTED_EDGE('',*,*,#952,.F.);
#1342=ORIENTED_EDGE('',*,*,#914,.T.);
#1343=ORIENTED_EDGE('',*,*,#954,.T.);
#1344=ORIENTED_EDGE('',*,*,#945,.F.);
#1345=ORIENTED_EDGE('',*,*,#953,.F.);
#1346=ORIENTED_EDGE('',*,*,#913,.T.);
#1347=ORIENTED_EDGE('',*,*,#955,.T.);
#1348=ORIENTED_EDGE('',*,*,#946,.F.);
#1349=ORIENTED_EDGE('',*,*,#954,.F.);
#1350=ORIENTED_EDGE('',*,*,#912,.T.);
#1351=ORIENTED_EDGE('',*,*,#949,.T.);
#1352=ORIENTED_EDGE('',*,*,#947,.F.);
#1353=ORIENTED_EDGE('',*,*,#955,.F.);
#1354=CYLINDRICAL_SURFACE('',#1483,1.07336853880793);
#1355=CYLINDRICAL_SURFACE('',#1486,1.07336853880793);
#1356=CYLINDRICAL_SURFACE('',#1489,1.07336853880793);
#1357=CYLINDRICAL_SURFACE('',#1493,0.750000000000002);
#1358=CYLINDRICAL_SURFACE('',#1496,2.50000254000501);
#1359=CYLINDRICAL_SURFACE('',#1504,0.75);
#1360=CYLINDRICAL_SURFACE('',#1507,2.500002540005);
#1361=CYLINDRICAL_SURFACE('',#1511,0.750000000000002);
#1362=CYLINDRICAL_SURFACE('',#1514,2.50000254000501);
#1363=CYLINDRICAL_SURFACE('',#1518,0.750000000000001);
#1364=CYLINDRICAL_SURFACE('',#1521,2.500002540005);
#1365=CYLINDRICAL_SURFACE('',#1525,1.);
#1366=CYLINDRICAL_SURFACE('',#1533,1.);
#1367=CYLINDRICAL_SURFACE('',#1536,1.);
#1368=CYLINDRICAL_SURFACE('',#1539,1.);
#1369=CYLINDRICAL_SURFACE('',#1547,1.16999998828983);
#1370=CYLINDRICAL_SURFACE('',#1550,1.16999998829);
#1371=CYLINDRICAL_SURFACE('',#1553,1.16999998829);
#1372=CYLINDRICAL_SURFACE('',#1556,1.16999998829034);
#1373=CYLINDRICAL_SURFACE('',#1602,0.999999999999988);
#1374=CYLINDRICAL_SURFACE('',#1604,1.);
#1375=CYLINDRICAL_SURFACE('',#1606,0.999999999999999);
#1376=CYLINDRICAL_SURFACE('',#1608,0.999999999999999);
#1377=ADVANCED_FACE('',(#99),#1354,.F.);
#1378=ADVANCED_FACE('',(#100),#1355,.F.);
#1379=ADVANCED_FACE('',(#101),#1356,.F.);
#1380=ADVANCED_FACE('',(#102),#43,.F.);
#1381=ADVANCED_FACE('',(#103),#1357,.F.);
#1382=ADVANCED_FACE('',(#104),#1358,.T.);
#1383=ADVANCED_FACE('',(#105,#27),#44,.F.);
#1384=ADVANCED_FACE('',(#106,#28,#29,#30,#31),#45,.F.);
#1385=ADVANCED_FACE('',(#107),#1359,.F.);
#1386=ADVANCED_FACE('',(#108),#1360,.T.);
#1387=ADVANCED_FACE('',(#109,#32),#46,.F.);
#1388=ADVANCED_FACE('',(#110),#47,.F.);
#1389=ADVANCED_FACE('',(#111),#1361,.F.);
#1390=ADVANCED_FACE('',(#112),#1362,.T.);
#1391=ADVANCED_FACE('',(#113,#33),#48,.F.);
#1392=ADVANCED_FACE('',(#114),#49,.F.);
#1393=ADVANCED_FACE('',(#115),#1363,.F.);
#1394=ADVANCED_FACE('',(#116),#1364,.T.);
#1395=ADVANCED_FACE('',(#117,#34),#50,.F.);
#1396=ADVANCED_FACE('',(#118),#51,.F.);
#1397=ADVANCED_FACE('',(#119),#1365,.T.);
#1398=ADVANCED_FACE('',(#120,#35,#36,#37),#52,.T.);
#1399=ADVANCED_FACE('',(#121),#53,.T.);
#1400=ADVANCED_FACE('',(#122),#1366,.T.);
#1401=ADVANCED_FACE('',(#123),#54,.T.);
#1402=ADVANCED_FACE('',(#124),#1367,.T.);
#1403=ADVANCED_FACE('',(#125),#55,.T.);
#1404=ADVANCED_FACE('',(#126),#1368,.T.);
#1405=ADVANCED_FACE('',(#127,#38),#56,.T.);
#1406=ADVANCED_FACE('',(#128),#57,.F.);
#1407=ADVANCED_FACE('',(#129),#1369,.F.);
#1408=ADVANCED_FACE('',(#130),#58,.F.);
#1409=ADVANCED_FACE('',(#131),#1370,.F.);
#1410=ADVANCED_FACE('',(#132),#59,.F.);
#1411=ADVANCED_FACE('',(#133),#1371,.F.);
#1412=ADVANCED_FACE('',(#134),#60,.F.);
#1413=ADVANCED_FACE('',(#135),#1372,.F.);
#1414=ADVANCED_FACE('',(#136),#61,.F.);
#1415=ADVANCED_FACE('',(#137),#62,.F.);
#1416=ADVANCED_FACE('',(#138),#63,.F.);
#1417=ADVANCED_FACE('',(#139),#64,.F.);
#1418=ADVANCED_FACE('',(#140,#39),#65,.F.);
#1419=ADVANCED_FACE('',(#141,#40,#41,#42),#66,.F.);
#1420=ADVANCED_FACE('',(#142),#67,.F.);
#1421=ADVANCED_FACE('',(#143),#68,.T.);
#1422=ADVANCED_FACE('',(#144),#69,.F.);
#1423=ADVANCED_FACE('',(#145),#70,.F.);
#1424=ADVANCED_FACE('',(#146),#71,.T.);
#1425=ADVANCED_FACE('',(#147),#72,.T.);
#1426=ADVANCED_FACE('',(#148),#73,.T.);
#1427=ADVANCED_FACE('',(#149),#74,.T.);
#1428=ADVANCED_FACE('',(#150),#75,.T.);
#1429=ADVANCED_FACE('',(#151),#76,.T.);
#1430=ADVANCED_FACE('',(#152),#77,.T.);
#1431=ADVANCED_FACE('',(#153),#78,.T.);
#1432=ADVANCED_FACE('',(#154),#79,.T.);
#1433=ADVANCED_FACE('',(#155),#80,.T.);
#1434=ADVANCED_FACE('',(#156),#81,.T.);
#1435=ADVANCED_FACE('',(#157),#82,.T.);
#1436=ADVANCED_FACE('',(#158),#83,.T.);
#1437=ADVANCED_FACE('',(#159),#84,.F.);
#1438=ADVANCED_FACE('',(#160),#85,.T.);
#1439=ADVANCED_FACE('',(#161),#86,.T.);
#1440=ADVANCED_FACE('',(#162),#87,.T.);
#1441=ADVANCED_FACE('',(#163),#88,.T.);
#1442=ADVANCED_FACE('',(#164),#89,.F.);
#1443=ADVANCED_FACE('',(#165),#90,.T.);
#1444=ADVANCED_FACE('',(#166),#91,.T.);
#1445=ADVANCED_FACE('',(#167),#92,.T.);
#1446=ADVANCED_FACE('',(#168),#93,.T.);
#1447=ADVANCED_FACE('',(#169),#94,.T.);
#1448=ADVANCED_FACE('',(#170),#95,.T.);
#1449=ADVANCED_FACE('',(#171),#1373,.T.);
#1450=ADVANCED_FACE('',(#172),#96,.T.);
#1451=ADVANCED_FACE('',(#173),#1374,.T.);
#1452=ADVANCED_FACE('',(#174),#97,.T.);
#1453=ADVANCED_FACE('',(#175),#1375,.T.);
#1454=ADVANCED_FACE('',(#176),#98,.T.);
#1455=ADVANCED_FACE('',(#177),#1376,.T.);
#1456=CLOSED_SHELL('',(#1377,#1378,#1379,#1380,#1381,#1382,#1383,#1384,
#1385,#1386,#1387,#1388,#1389,#1390,#1391,#1392,#1393,#1394,#1395,#1396,
#1397,#1398,#1399,#1400,#1401,#1402,#1403,#1404,#1405,#1406,#1407,#1408,
#1409,#1410,#1411,#1412,#1413,#1414,#1415,#1416,#1417,#1418,#1419,#1420,
#1421));
#1457=CLOSED_SHELL('',(#1422,#1423,#1424,#1425,#1426,#1427,#1428,#1429,
#1430,#1431,#1432,#1433,#1434,#1435,#1436,#1437,#1438,#1439,#1440,#1441,
#1442,#1443,#1444,#1445,#1446,#1447,#1448,#1449,#1450,#1451,#1452,#1453,
#1454,#1455));
#1458=DERIVED_UNIT_ELEMENT(#1462,1.);
#1459=DERIVED_UNIT_ELEMENT(#2448,-3.);
#1460=DERIVED_UNIT_ELEMENT(#1462,1.);
#1461=DERIVED_UNIT_ELEMENT(#2448,-3.);
#1462=(
MASS_UNIT()
NAMED_UNIT(*)
SI_UNIT(.KILO.,.GRAM.)
);
#1463=DERIVED_UNIT((#1458,#1459));
#1464=DERIVED_UNIT((#1460,#1461));
#1465=MEASURE_REPRESENTATION_ITEM('density measure',
POSITIVE_RATIO_MEASURE(7850.),#1463);
#1466=MEASURE_REPRESENTATION_ITEM('density measure',
POSITIVE_RATIO_MEASURE(7850.),#1464);
#1467=PROPERTY_DEFINITION_REPRESENTATION(#1477,#1471);
#1468=PROPERTY_DEFINITION_REPRESENTATION(#1478,#1472);
#1469=PROPERTY_DEFINITION_REPRESENTATION(#1479,#1473);
#1470=PROPERTY_DEFINITION_REPRESENTATION(#1480,#1474);
#1471=REPRESENTATION('material name',(#1475),#2444);
#1472=REPRESENTATION('density',(#1465),#2444);
#1473=REPRESENTATION('material name',(#1476),#2445);
#1474=REPRESENTATION('density',(#1466),#2445);
#1475=DESCRIPTIVE_REPRESENTATION_ITEM('Steel','Steel');
#1476=DESCRIPTIVE_REPRESENTATION_ITEM('Steel','Steel');
#1477=PROPERTY_DEFINITION('material property','material name',#2464);
#1478=PROPERTY_DEFINITION('material property','density of part',#2464);
#1479=PROPERTY_DEFINITION('material property','material name',#2465);
#1480=PROPERTY_DEFINITION('material property','density of part',#2465);
#1481=AXIS2_PLACEMENT_3D('',#2024,#1611,#1612);
#1482=AXIS2_PLACEMENT_3D('',#2025,#1613,#1614);
#1483=AXIS2_PLACEMENT_3D('',#2026,#1615,#1616);
#1484=AXIS2_PLACEMENT_3D('',#2028,#1617,#1618);
#1485=AXIS2_PLACEMENT_3D('',#2031,#1620,#1621);
#1486=AXIS2_PLACEMENT_3D('',#2032,#1622,#1623);
#1487=AXIS2_PLACEMENT_3D('',#2034,#1624,#1625);
#1488=AXIS2_PLACEMENT_3D('',#2037,#1627,#1628);
#1489=AXIS2_PLACEMENT_3D('',#2038,#1629,#1630);
#1490=AXIS2_PLACEMENT_3D('',#2040,#1631,#1632);
#1491=AXIS2_PLACEMENT_3D('',#2043,#1634,#1635);
#1492=AXIS2_PLACEMENT_3D('',#2044,#1636,#1637);
#1493=AXIS2_PLACEMENT_3D('',#2053,#1642,#1643);
#1494=AXIS2_PLACEMENT_3D('',#2055,#1644,#1645);
#1495=AXIS2_PLACEMENT_3D('',#2058,#1647,#1648);
#1496=AXIS2_PLACEMENT_3D('',#2059,#1649,#1650);
#1497=AXIS2_PLACEMENT_3D('',#2061,#1651,#1652);
#1498=AXIS2_PLACEMENT_3D('',#2064,#1654,#1655);
#1499=AXIS2_PLACEMENT_3D('',#2065,#1656,#1657);
#1500=AXIS2_PLACEMENT_3D('',#2066,#1658,#1659);
#1501=AXIS2_PLACEMENT_3D('',#2076,#1664,#1665);
#1502=AXIS2_PLACEMENT_3D('',#2078,#1666,#1667);
#1503=AXIS2_PLACEMENT_3D('',#2080,#1668,#1669);
#1504=AXIS2_PLACEMENT_3D('',#2081,#1670,#1671);
#1505=AXIS2_PLACEMENT_3D('',#2083,#1672,#1673);
#1506=AXIS2_PLACEMENT_3D('',#2086,#1675,#1676);
#1507=AXIS2_PLACEMENT_3D('',#2087,#1677,#1678);
#1508=AXIS2_PLACEMENT_3D('',#2089,#1679,#1680);
#1509=AXIS2_PLACEMENT_3D('',#2091,#1682,#1683);
#1510=AXIS2_PLACEMENT_3D('',#2092,#1684,#1685);
#1511=AXIS2_PLACEMENT_3D('',#2093,#1686,#1687);
#1512=AXIS2_PLACEMENT_3D('',#2095,#1688,#1689);
#1513=AXIS2_PLACEMENT_3D('',#2098,#1691,#1692);
#1514=AXIS2_PLACEMENT_3D('',#2099,#1693,#1694);
#1515=AXIS2_PLACEMENT_3D('',#2101,#1695,#1696);
#1516=AXIS2_PLACEMENT_3D('',#2103,#1698,#1699);
#1517=AXIS2_PLACEMENT_3D('',#2104,#1700,#1701);
#1518=AXIS2_PLACEMENT_3D('',#2105,#1702,#1703);
#1519=AXIS2_PLACEMENT_3D('',#2107,#1704,#1705);
#1520=AXIS2_PLACEMENT_3D('',#2110,#1707,#1708);
#1521=AXIS2_PLACEMENT_3D('',#2111,#1709,#1710);
#1522=AXIS2_PLACEMENT_3D('',#2113,#1711,#1712);
#1523=AXIS2_PLACEMENT_3D('',#2115,#1714,#1715);
#1524=AXIS2_PLACEMENT_3D('',#2116,#1716,#1717);
#1525=AXIS2_PLACEMENT_3D('',#2117,#1718,#1719);
#1526=AXIS2_PLACEMENT_3D('',#2120,#1720,#1721);
#1527=AXIS2_PLACEMENT_3D('',#2124,#1723,#1724);
#1528=AXIS2_PLACEMENT_3D('',#2126,#1726,#1727);
#1529=AXIS2_PLACEMENT_3D('',#2132,#1731,#1732);
#1530=AXIS2_PLACEMENT_3D('',#2136,#1734,#1735);
#1531=AXIS2_PLACEMENT_3D('',#2140,#1737,#1738);
#1532=AXIS2_PLACEMENT_3D('',#2156,#1747,#1748);
#1533=AXIS2_PLACEMENT_3D('',#2157,#1749,#1750);
#1534=AXIS2_PLACEMENT_3D('',#2160,#1752,#1753);
#1535=AXIS2_PLACEMENT_3D('',#2161,#1754,#1755);
#1536=AXIS2_PLACEMENT_3D('',#2168,#1760,#1761);
#1537=AXIS2_PLACEMENT_3D('',#2171,#1763,#1764);
#1538=AXIS2_PLACEMENT_3D('',#2172,#1765,#1766);
#1539=AXIS2_PLACEMENT_3D('',#2176,#1769,#1770);
#1540=AXIS2_PLACEMENT_3D('',#2179,#1772,#1773);
#1541=AXIS2_PLACEMENT_3D('',#2180,#1774,#1775);
#1542=AXIS2_PLACEMENT_3D('',#2186,#1778,#1779);
#1543=AXIS2_PLACEMENT_3D('',#2190,#1781,#1782);
#1544=AXIS2_PLACEMENT_3D('',#2194,#1784,#1785);
#1545=AXIS2_PLACEMENT_3D('',#2197,#1787,#1788);
#1546=AXIS2_PLACEMENT_3D('',#2198,#1789,#1790);
#1547=AXIS2_PLACEMENT_3D('',#2204,#1794,#1795);
#1548=AXIS2_PLACEMENT_3D('',#2206,#1796,#1797);
#1549=AXIS2_PLACEMENT_3D('',#2208,#1799,#1800);
#1550=AXIS2_PLACEMENT_3D('',#2212,#1803,#1804);
#1551=AXIS2_PLACEMENT_3D('',#2214,#1805,#1806);
#1552=AXIS2_PLACEMENT_3D('',#2216,#1808,#1809);
#1553=AXIS2_PLACEMENT_3D('',#2220,#1812,#1813);
#1554=AXIS2_PLACEMENT_3D('',#2222,#1814,#1815);
#1555=AXIS2_PLACEMENT_3D('',#2224,#1817,#1818);
#1556=AXIS2_PLACEMENT_3D('',#2228,#1821,#1822);
#1557=AXIS2_PLACEMENT_3D('',#2229,#1823,#1824);
#1558=AXIS2_PLACEMENT_3D('',#2230,#1825,#1826);
#1559=AXIS2_PLACEMENT_3D('',#2236,#1831,#1832);
#1560=AXIS2_PLACEMENT_3D('',#2238,#1834,#1835);
#1561=AXIS2_PLACEMENT_3D('',#2239,#1836,#1837);
#1562=AXIS2_PLACEMENT_3D('',#2241,#1839,#1840);
#1563=AXIS2_PLACEMENT_3D('',#2243,#1842,#1843);
#1564=AXIS2_PLACEMENT_3D('',#2244,#1844,#1845);
#1565=AXIS2_PLACEMENT_3D('',#2245,#1846,#1847);
#1566=AXIS2_PLACEMENT_3D('',#2246,#1848,#1849);
#1567=AXIS2_PLACEMENT_3D('',#2247,#1850,#1851);
#1568=AXIS2_PLACEMENT_3D('',#2256,#1856,#1857);
#1569=AXIS2_PLACEMENT_3D('',#2265,#1862,#1863);
#1570=AXIS2_PLACEMENT_3D('',#2275,#1869,#1870);
#1571=AXIS2_PLACEMENT_3D('',#2283,#1875,#1876);
#1572=AXIS2_PLACEMENT_3D('',#2298,#1885,#1886);
#1573=AXIS2_PLACEMENT_3D('',#2304,#1890,#1891);
#1574=AXIS2_PLACEMENT_3D('',#2310,#1895,#1896);
#1575=AXIS2_PLACEMENT_3D('',#2314,#1899,#1900);
#1576=AXIS2_PLACEMENT_3D('',#2318,#1903,#1904);
#1577=AXIS2_PLACEMENT_3D('',#2322,#1907,#1908);
#1578=AXIS2_PLACEMENT_3D('',#2328,#1912,#1913);
#1579=AXIS2_PLACEMENT_3D('',#2334,#1917,#1918);
#1580=AXIS2_PLACEMENT_3D('',#2338,#1921,#1922);
#1581=AXIS2_PLACEMENT_3D('',#2342,#1925,#1926);
#1582=AXIS2_PLACEMENT_3D('',#2344,#1928,#1929);
#1583=AXIS2_PLACEMENT_3D('',#2350,#1932,#1933);
#1584=AXIS2_PLACEMENT_3D('',#2354,#1935,#1936);
#1585=AXIS2_PLACEMENT_3D('',#2358,#1938,#1939);
#1586=AXIS2_PLACEMENT_3D('',#2362,#1941,#1942);
#1587=AXIS2_PLACEMENT_3D('',#2366,#1945,#1946);
#1588=AXIS2_PLACEMENT_3D('',#2375,#1951,#1952);
#1589=AXIS2_PLACEMENT_3D('',#2378,#1955,#1956);
#1590=AXIS2_PLACEMENT_3D('',#2382,#1959,#1960);
#1591=AXIS2_PLACEMENT_3D('',#2384,#1962,#1963);
#1592=AXIS2_PLACEMENT_3D('',#2390,#1967,#1968);
#1593=AXIS2_PLACEMENT_3D('',#2398,#1973,#1974);
#1594=AXIS2_PLACEMENT_3D('',#2401,#1977,#1978);
#1595=AXIS2_PLACEMENT_3D('',#2402,#1979,#1980);
#1596=AXIS2_PLACEMENT_3D('',#2404,#1982,#1983);
#1597=AXIS2_PLACEMENT_3D('',#2409,#1985,#1986);
#1598=AXIS2_PLACEMENT_3D('',#2413,#1988,#1989);
#1599=AXIS2_PLACEMENT_3D('',#2417,#1991,#1992);
#1600=AXIS2_PLACEMENT_3D('',#2420,#1994,#1995);
#1601=AXIS2_PLACEMENT_3D('',#2421,#1996,#1997);
#1602=AXIS2_PLACEMENT_3D('',#2424,#2000,#2001);
#1603=AXIS2_PLACEMENT_3D('',#2426,#2003,#2004);
#1604=AXIS2_PLACEMENT_3D('',#2428,#2006,#2007);
#1605=AXIS2_PLACEMENT_3D('',#2430,#2009,#2010);
#1606=AXIS2_PLACEMENT_3D('',#2432,#2012,#2013);
#1607=AXIS2_PLACEMENT_3D('',#2434,#2015,#2016);
#1608=AXIS2_PLACEMENT_3D('',#2436,#2018,#2019);
#1609=AXIS2_PLACEMENT_3D('',#2437,#2020,#2021);
#1610=AXIS2_PLACEMENT_3D('',#2438,#2022,#2023);
#1611=DIRECTION('axis',(0.,0.,1.));
#1612=DIRECTION('refdir',(1.,0.,0.));
#1613=DIRECTION('axis',(0.,0.,1.));
#1614=DIRECTION('refdir',(1.,0.,0.));
#1615=DIRECTION('center_axis',(0.,-1.,0.));
#1616=DIRECTION('ref_axis',(-1.,0.,0.));
#1617=DIRECTION('center_axis',(0.,-1.,0.));
#1618=DIRECTION('ref_axis',(-1.,0.,0.));
#1619=DIRECTION('',(0.,-1.,0.));
#1620=DIRECTION('center_axis',(0.,-1.,0.));
#1621=DIRECTION('ref_axis',(-1.,0.,0.));
#1622=DIRECTION('center_axis',(0.,-1.,0.));
#1623=DIRECTION('ref_axis',(-1.,0.,0.));
#1624=DIRECTION('center_axis',(0.,-1.,0.));
#1625=DIRECTION('ref_axis',(-1.,0.,0.));
#1626=DIRECTION('',(0.,-1.,0.));
#1627=DIRECTION('center_axis',(0.,-1.,0.));
#1628=DIRECTION('ref_axis',(-1.,0.,0.));
#1629=DIRECTION('center_axis',(0.,-1.,0.));
#1630=DIRECTION('ref_axis',(-1.,0.,0.));
#1631=DIRECTION('center_axis',(0.,-1.,0.));
#1632=DIRECTION('ref_axis',(-1.,0.,0.));
#1633=DIRECTION('',(0.,-1.,0.));
#1634=DIRECTION('center_axis',(0.,-1.,0.));
#1635=DIRECTION('ref_axis',(-1.,0.,0.));
#1636=DIRECTION('center_axis',(0.,-1.,0.));
#1637=DIRECTION('ref_axis',(0.,0.,1.));
#1638=DIRECTION('',(0.,0.,1.));
#1639=DIRECTION('',(-1.,0.,0.));
#1640=DIRECTION('',(0.,0.,-1.));
#1641=DIRECTION('',(-1.,0.,0.));
#1642=DIRECTION('center_axis',(0.,0.,-1.));
#1643=DIRECTION('ref_axis',(-1.,0.,0.));
#1644=DIRECTION('center_axis',(0.,0.,-1.));
#1645=DIRECTION('ref_axis',(-1.,0.,0.));
#1646=DIRECTION('',(0.,0.,-1.));
#1647=DIRECTION('center_axis',(0.,0.,1.));
#1648=DIRECTION('ref_axis',(-1.,0.,0.));
#1649=DIRECTION('center_axis',(0.,0.,1.));
#1650=DIRECTION('ref_axis',(-1.,0.,0.));
#1651=DIRECTION('center_axis',(0.,0.,1.));
#1652=DIRECTION('ref_axis',(-1.,0.,0.));
#1653=DIRECTION('',(0.,0.,-1.));
#1654=DIRECTION('center_axis',(0.,0.,-1.));
#1655=DIRECTION('ref_axis',(-1.,0.,0.));
#1656=DIRECTION('center_axis',(0.,0.,-1.));
#1657=DIRECTION('ref_axis',(-1.,0.,0.));
#1658=DIRECTION('center_axis',(0.,0.,-1.));
#1659=DIRECTION('ref_axis',(-1.,0.,0.));
#1660=DIRECTION('',(1.,5.04878989538504E-18,0.));
#1661=DIRECTION('',(0.,-1.,0.));
#1662=DIRECTION('',(-1.,0.,0.));
#1663=DIRECTION('',(0.,1.,0.));
#1664=DIRECTION('center_axis',(0.,0.,-1.));
#1665=DIRECTION('ref_axis',(-1.,0.,0.));
#1666=DIRECTION('center_axis',(0.,0.,-1.));
#1667=DIRECTION('ref_axis',(-1.,0.,0.));
#1668=DIRECTION('center_axis',(0.,0.,-1.));
#1669=DIRECTION('ref_axis',(-1.,0.,0.));
#1670=DIRECTION('center_axis',(0.,0.,-1.));
#1671=DIRECTION('ref_axis',(-1.,0.,0.));
#1672=DIRECTION('center_axis',(0.,0.,-1.));
#1673=DIRECTION('ref_axis',(-1.,0.,0.));
#1674=DIRECTION('',(0.,0.,-1.));
#1675=DIRECTION('center_axis',(0.,0.,1.));
#1676=DIRECTION('ref_axis',(-1.,0.,0.));
#1677=DIRECTION('center_axis',(0.,0.,1.));
#1678=DIRECTION('ref_axis',(-1.,0.,0.));
#1679=DIRECTION('center_axis',(0.,0.,1.));
#1680=DIRECTION('ref_axis',(-1.,0.,0.));
#1681=DIRECTION('',(0.,0.,-1.));
#1682=DIRECTION('center_axis',(0.,0.,-1.));
#1683=DIRECTION('ref_axis',(-1.,0.,0.));
#1684=DIRECTION('center_axis',(0.,0.,-1.));
#1685=DIRECTION('ref_axis',(-1.,0.,0.));
#1686=DIRECTION('center_axis',(0.,0.,-1.));
#1687=DIRECTION('ref_axis',(-1.,0.,0.));
#1688=DIRECTION('center_axis',(0.,0.,-1.));
#1689=DIRECTION('ref_axis',(-1.,0.,0.));
#1690=DIRECTION('',(0.,0.,-1.));
#1691=DIRECTION('center_axis',(0.,0.,1.));
#1692=DIRECTION('ref_axis',(-1.,0.,0.));
#1693=DIRECTION('center_axis',(0.,0.,1.));
#1694=DIRECTION('ref_axis',(-1.,0.,0.));
#1695=DIRECTION('center_axis',(0.,0.,1.));
#1696=DIRECTION('ref_axis',(-1.,0.,0.));
#1697=DIRECTION('',(0.,0.,-1.));
#1698=DIRECTION('center_axis',(0.,0.,-1.));
#1699=DIRECTION('ref_axis',(-1.,0.,0.));
#1700=DIRECTION('center_axis',(0.,0.,-1.));
#1701=DIRECTION('ref_axis',(-1.,0.,0.));
#1702=DIRECTION('center_axis',(0.,0.,-1.));
#1703=DIRECTION('ref_axis',(-1.,0.,0.));
#1704=DIRECTION('center_axis',(0.,0.,-1.));
#1705=DIRECTION('ref_axis',(-1.,0.,0.));
#1706=DIRECTION('',(0.,0.,-1.));
#1707=DIRECTION('center_axis',(0.,0.,1.));
#1708=DIRECTION('ref_axis',(-1.,0.,0.));
#1709=DIRECTION('center_axis',(0.,0.,1.));
#1710=DIRECTION('ref_axis',(-1.,0.,0.));
#1711=DIRECTION('center_axis',(0.,0.,1.));
#1712=DIRECTION('ref_axis',(-1.,0.,0.));
#1713=DIRECTION('',(0.,0.,-1.));
#1714=DIRECTION('center_axis',(0.,0.,-1.));
#1715=DIRECTION('ref_axis',(-1.,0.,0.));
#1716=DIRECTION('center_axis',(0.,0.,-1.));
#1717=DIRECTION('ref_axis',(-1.,0.,0.));
#1718=DIRECTION('center_axis',(0.,0.,1.));
#1719=DIRECTION('ref_axis',(-0.707106781186549,0.707106781186546,0.));
#1720=DIRECTION('center_axis',(0.,0.,-1.));
#1721=DIRECTION('ref_axis',(-0.707106781186549,0.707106781186546,0.));
#1722=DIRECTION('',(0.,0.,-1.));
#1723=DIRECTION('center_axis',(0.,0.,1.));
#1724=DIRECTION('ref_axis',(-0.707106781186549,0.707106781186546,0.));
#1725=DIRECTION('',(0.,0.,1.));
#1726=DIRECTION('center_axis',(0.,1.,0.));
#1727=DIRECTION('ref_axis',(-1.,0.,0.));
#1728=DIRECTION('',(1.,0.,0.));
#1729=DIRECTION('',(0.,0.,1.));
#1730=DIRECTION('',(-1.,0.,0.));
#1731=DIRECTION('center_axis',(0.,0.,1.));
#1732=DIRECTION('ref_axis',(1.,0.,0.));
#1733=DIRECTION('',(0.,1.,0.));
#1734=DIRECTION('center_axis',(0.,0.,-1.));
#1735=DIRECTION('ref_axis',(-0.707106781186547,-0.707106781186548,0.));
#1736=DIRECTION('',(-1.,-5.04878989538504E-18,0.));
#1737=DIRECTION('center_axis',(0.,0.,-1.));
#1738=DIRECTION('ref_axis',(0.707106781186546,-0.707106781186549,0.));
#1739=DIRECTION('',(0.,-1.,0.));
#1740=DIRECTION('',(0.,-1.,0.));
#1741=DIRECTION('',(-1.,-5.04878989538504E-18,0.));
#1742=DIRECTION('',(0.,1.,0.));
#1743=DIRECTION('',(1.,0.,0.));
#1744=DIRECTION('',(0.,-1.,0.));
#1745=DIRECTION('',(1.,0.,0.));
#1746=DIRECTION('',(0.,-1.,0.));
#1747=DIRECTION('center_axis',(0.,0.,-1.));
#1748=DIRECTION('ref_axis',(0.707106781186541,0.707106781186554,0.));
#1749=DIRECTION('center_axis',(0.,0.,1.));
#1750=DIRECTION('ref_axis',(0.707106781186541,0.707106781186554,0.));
#1751=DIRECTION('',(0.,0.,-1.));
#1752=DIRECTION('center_axis',(0.,0.,1.));
#1753=DIRECTION('ref_axis',(0.707106781186541,0.707106781186554,0.));
#1754=DIRECTION('center_axis',(1.,0.,0.));
#1755=DIRECTION('ref_axis',(0.,1.,0.));
#1756=DIRECTION('',(0.,0.,-1.));
#1757=DIRECTION('',(0.,-1.,2.42618672094421E-18));
#1758=DIRECTION('',(0.,0.,1.));
#1759=DIRECTION('',(0.,1.,0.));
#1760=DIRECTION('center_axis',(0.,0.,1.));
#1761=DIRECTION('ref_axis',(0.707106781186546,-0.707106781186549,0.));
#1762=DIRECTION('',(0.,0.,-1.));
#1763=DIRECTION('center_axis',(0.,0.,1.));
#1764=DIRECTION('ref_axis',(0.707106781186546,-0.707106781186549,0.));
#1765=DIRECTION('center_axis',(5.04878989538504E-18,-1.,0.));
#1766=DIRECTION('ref_axis',(1.,5.04878989538504E-18,0.));
#1767=DIRECTION('',(0.,0.,1.));
#1768=DIRECTION('',(1.,5.04878989538504E-18,0.));
#1769=DIRECTION('center_axis',(0.,0.,1.));
#1770=DIRECTION('ref_axis',(-0.707106781186547,-0.707106781186548,0.));
#1771=DIRECTION('',(0.,0.,-1.));
#1772=DIRECTION('center_axis',(0.,0.,1.));
#1773=DIRECTION('ref_axis',(-0.707106781186547,-0.707106781186548,0.));
#1774=DIRECTION('center_axis',(-1.,0.,0.));
#1775=DIRECTION('ref_axis',(0.,-1.,0.));
#1776=DIRECTION('',(0.,-1.,0.));
#1777=DIRECTION('',(0.,-2.83106874696987E-13,-1.));
#1778=DIRECTION('center_axis',(1.,0.,0.));
#1779=DIRECTION('ref_axis',(0.,7.59126862042087E-15,-1.));
#1780=DIRECTION('',(0.,1.,4.93121399815532E-14));
#1781=DIRECTION('center_axis',(1.,0.,0.));
#1782=DIRECTION('ref_axis',(0.,1.,4.74454288776443E-16));
#1783=DIRECTION('',(0.,0.,1.));
#1784=DIRECTION('center_axis',(1.,0.,0.));
#1785=DIRECTION('ref_axis',(0.,0.,1.));
#1786=DIRECTION('',(0.,-1.,0.));
#1787=DIRECTION('center_axis',(1.,0.,0.));
#1788=DIRECTION('ref_axis',(0.,-1.,-1.93577349820817E-13));
#1789=DIRECTION('center_axis',(0.,-1.,2.83106874696987E-13));
#1790=DIRECTION('ref_axis',(0.,-2.83106874696987E-13,-1.));
#1791=DIRECTION('',(0.,2.83106874696987E-13,1.));
#1792=DIRECTION('',(1.,0.,0.));
#1793=DIRECTION('',(1.,0.,0.));
#1794=DIRECTION('center_axis',(1.,0.,0.));
#1795=DIRECTION('ref_axis',(0.,-1.,-1.93577349820817E-13));
#1796=DIRECTION('center_axis',(-1.,0.,0.));
#1797=DIRECTION('ref_axis',(0.,-1.,-1.93577349820817E-13));
#1798=DIRECTION('',(1.,0.,0.));
#1799=DIRECTION('center_axis',(0.,0.,1.));
#1800=DIRECTION('ref_axis',(0.,-1.,0.));
#1801=DIRECTION('',(0.,1.,0.));
#1802=DIRECTION('',(1.,0.,0.));
#1803=DIRECTION('center_axis',(1.,0.,0.));
#1804=DIRECTION('ref_axis',(0.,0.,1.));
#1805=DIRECTION('center_axis',(-1.,0.,0.));
#1806=DIRECTION('ref_axis',(0.,0.,1.));
#1807=DIRECTION('',(1.,0.,0.));
#1808=DIRECTION('center_axis',(0.,1.,0.));
#1809=DIRECTION('ref_axis',(0.,0.,1.));
#1810=DIRECTION('',(0.,0.,-1.));
#1811=DIRECTION('',(1.,0.,0.));
#1812=DIRECTION('center_axis',(1.,0.,0.));
#1813=DIRECTION('ref_axis',(0.,1.,4.74454288776443E-16));
#1814=DIRECTION('center_axis',(-1.,0.,0.));
#1815=DIRECTION('ref_axis',(0.,1.,4.74454288776443E-16));
#1816=DIRECTION('',(1.,0.,0.));
#1817=DIRECTION('center_axis',(0.,4.93121399815532E-14,-1.));
#1818=DIRECTION('ref_axis',(0.,1.,4.93121399815532E-14));
#1819=DIRECTION('',(0.,-1.,-4.93121399815532E-14));
#1820=DIRECTION('',(1.,0.,0.));
#1821=DIRECTION('center_axis',(1.,0.,0.));
#1822=DIRECTION('ref_axis',(0.,7.59126862042087E-15,-1.));
#1823=DIRECTION('center_axis',(-1.,0.,0.));
#1824=DIRECTION('ref_axis',(0.,7.59126862042087E-15,-1.));
#1825=DIRECTION('center_axis',(1.,0.,0.));
#1826=DIRECTION('ref_axis',(0.,1.,0.));
#1827=DIRECTION('',(0.,0.,1.));
#1828=DIRECTION('',(0.,0.,1.));
#1829=DIRECTION('',(0.,0.,1.));
#1830=DIRECTION('',(0.,1.,-2.42618672094421E-18));
#1831=DIRECTION('center_axis',(0.,-2.42618672094421E-18,-1.));
#1832=DIRECTION('ref_axis',(0.,-1.,2.42618672094421E-18));
#1833=DIRECTION('',(-1.,0.,0.));
#1834=DIRECTION('center_axis',(0.,1.,0.));
#1835=DIRECTION('ref_axis',(0.,0.,-1.));
#1836=DIRECTION('center_axis',(5.04878989538504E-18,-1.,0.));
#1837=DIRECTION('ref_axis',(1.,5.04878989538504E-18,0.));
#1838=DIRECTION('',(0.,0.,1.));
#1839=DIRECTION('center_axis',(-1.,0.,0.));
#1840=DIRECTION('ref_axis',(0.,-1.,0.));
#1841=DIRECTION('',(0.,0.,1.));
#1842=DIRECTION('center_axis',(0.,1.,0.));
#1843=DIRECTION('ref_axis',(-1.,0.,0.));
#1844=DIRECTION('center_axis',(0.,0.,-1.));
#1845=DIRECTION('ref_axis',(-1.,0.,0.));
#1846=DIRECTION('center_axis',(0.,0.,-1.));
#1847=DIRECTION('ref_axis',(-1.,0.,0.));
#1848=DIRECTION('axis',(0.,0.,1.));
#1849=DIRECTION('refdir',(1.,0.,0.));
#1850=DIRECTION('center_axis',(0.,-1.,0.));
#1851=DIRECTION('ref_axis',(0.,0.,1.));
#1852=DIRECTION('',(0.,0.,-1.));
#1853=DIRECTION('',(-1.,0.,0.));
#1854=DIRECTION('',(0.,0.,-1.));
#1855=DIRECTION('',(1.,0.,0.));
#1856=DIRECTION('center_axis',(0.,1.,0.));
#1857=DIRECTION('ref_axis',(0.,0.,-1.));
#1858=DIRECTION('',(0.,0.,1.));
#1859=DIRECTION('',(-1.,0.,0.));
#1860=DIRECTION('',(0.,0.,1.));
#1861=DIRECTION('',(-1.,0.,0.));
#1862=DIRECTION('center_axis',(-1.,0.,0.));
#1863=DIRECTION('ref_axis',(0.,1.,0.));
#1864=DIRECTION('',(0.,-1.,0.));
#1865=DIRECTION('',(0.,1.,0.));
#1866=DIRECTION('',(0.,0.,-1.));
#1867=DIRECTION('',(0.,-1.,0.));
#1868=DIRECTION('',(0.,0.,-1.));
#1869=DIRECTION('center_axis',(1.,0.,0.));
#1870=DIRECTION('ref_axis',(0.,-1.,0.));
#1871=DIRECTION('',(0.,1.,0.));
#1872=DIRECTION('',(0.,0.,1.));
#1873=DIRECTION('',(0.,-1.,0.));
#1874=DIRECTION('',(0.,0.,1.));
#1875=DIRECTION('center_axis',(0.,0.,-1.));
#1876=DIRECTION('ref_axis',(-1.,0.,0.));
#1877=DIRECTION('',(0.,1.,0.));
#1878=DIRECTION('',(1.,4.95859219770512E-18,0.));
#1879=DIRECTION('',(0.,-1.,0.));
#1880=DIRECTION('',(-1.,0.,0.));
#1881=DIRECTION('',(0.,1.,0.));
#1882=DIRECTION('',(-1.,0.,0.));
#1883=DIRECTION('',(5.95301062749539E-17,-1.,0.));
#1884=DIRECTION('',(1.,1.6020623910654E-17,0.));
#1885=DIRECTION('center_axis',(1.,0.,0.));
#1886=DIRECTION('ref_axis',(0.,-1.,0.));
#1887=DIRECTION('',(0.,0.,-1.));
#1888=DIRECTION('',(0.,-1.,0.));
#1889=DIRECTION('',(0.,0.,1.));
#1890=DIRECTION('center_axis',(-1.85037170770859E-16,1.,0.));
#1891=DIRECTION('ref_axis',(1.,1.85037170770859E-16,0.));
#1892=DIRECTION('',(-1.,-1.85037170770859E-16,0.));
#1893=DIRECTION('',(-1.,-1.85037170770859E-16,0.));
#1894=DIRECTION('',(0.,0.,1.));
#1895=DIRECTION('center_axis',(-1.6020623910654E-17,1.,0.));
#1896=DIRECTION('ref_axis',(1.,1.6020623910654E-17,0.));
#1897=DIRECTION('',(-1.,-1.6020623910654E-17,0.));
#1898=DIRECTION('',(0.,0.,-1.));
#1899=DIRECTION('center_axis',(1.,5.95301062749539E-17,0.));
#1900=DIRECTION('ref_axis',(5.95301062749539E-17,-1.,0.));
#1901=DIRECTION('',(-5.95301062749539E-17,1.,0.));
#1902=DIRECTION('',(0.,0.,-1.));
#1903=DIRECTION('center_axis',(0.,-1.,0.));
#1904=DIRECTION('ref_axis',(-1.,0.,0.));
#1905=DIRECTION('',(1.,0.,0.));
#1906=DIRECTION('',(0.,0.,-1.));
#1907=DIRECTION('center_axis',(-1.,0.,0.));
#1908=DIRECTION('ref_axis',(0.,1.,0.));
#1909=DIRECTION('',(0.,-1.,0.));
#1910=DIRECTION('',(0.,0.,-1.));
#1911=DIRECTION('',(0.,-1.,0.));
#1912=DIRECTION('center_axis',(0.,-1.,0.));
#1913=DIRECTION('ref_axis',(-1.,0.,0.));
#1914=DIRECTION('',(1.,0.,0.));
#1915=DIRECTION('',(0.,0.,-1.));
#1916=DIRECTION('',(1.,0.,0.));
#1917=DIRECTION('center_axis',(0.,1.,0.));
#1918=DIRECTION('ref_axis',(1.,0.,0.));
#1919=DIRECTION('',(1.,0.,0.));
#1920=DIRECTION('',(0.,0.,1.));
#1921=DIRECTION('center_axis',(-1.,0.,0.));
#1922=DIRECTION('ref_axis',(0.,1.,0.));
#1923=DIRECTION('',(0.,1.,0.));
#1924=DIRECTION('',(0.,0.,-1.));
#1925=DIRECTION('center_axis',(4.95859219770512E-18,-1.,0.));
#1926=DIRECTION('ref_axis',(-1.,-4.95859219770512E-18,0.));
#1927=DIRECTION('',(-1.,-4.95859219770512E-18,0.));
#1928=DIRECTION('center_axis',(0.,0.,1.));
#1929=DIRECTION('ref_axis',(-1.,0.,0.));
#1930=DIRECTION('',(1.,0.,0.));
#1931=DIRECTION('',(0.,-1.,0.));
#1932=DIRECTION('center_axis',(0.,0.,1.));
#1933=DIRECTION('ref_axis',(0.,-1.,0.));
#1934=DIRECTION('',(1.,-1.91501266764578E-17,0.));
#1935=DIRECTION('center_axis',(0.,0.,1.));
#1936=DIRECTION('ref_axis',(-1.,-2.4980018054066E-15,0.));
#1937=DIRECTION('',(8.16949304945479E-18,-1.,0.));
#1938=DIRECTION('center_axis',(0.,0.,1.));
#1939=DIRECTION('ref_axis',(4.71844785465691E-15,1.,0.));
#1940=DIRECTION('',(-1.,7.66005067058314E-17,0.));
#1941=DIRECTION('center_axis',(0.,0.,1.));
#1942=DIRECTION('ref_axis',(1.,0.,0.));
#1943=DIRECTION('',(0.,-1.,0.));
#1944=DIRECTION('',(-1.,0.,0.));
#1945=DIRECTION('center_axis',(0.,1.,0.));
#1946=DIRECTION('ref_axis',(1.,0.,0.));
#1947=DIRECTION('',(-1.,0.,0.));
#1948=DIRECTION('',(0.,0.,-1.));
#1949=DIRECTION('',(1.,0.,0.));
#1950=DIRECTION('',(0.,0.,-1.));
#1951=DIRECTION('center_axis',(-1.,0.,0.));
#1952=DIRECTION('ref_axis',(0.,1.,0.));
#1953=DIRECTION('',(0.,-1.,0.));
#1954=DIRECTION('',(0.,1.,0.));
#1955=DIRECTION('center_axis',(0.,-1.,0.));
#1956=DIRECTION('ref_axis',(-1.,0.,0.));
#1957=DIRECTION('',(-1.,0.,0.));
#1958=DIRECTION('',(0.,0.,-1.));
#1959=DIRECTION('center_axis',(0.,0.,-1.));
#1960=DIRECTION('ref_axis',(-1.110223024625E-16,-1.,0.));
#1961=DIRECTION('',(0.,-1.,0.));
#1962=DIRECTION('center_axis',(0.,0.,1.));
#1963=DIRECTION('ref_axis',(-1.,0.,0.));
#1964=DIRECTION('',(0.,-1.,0.));
#1965=DIRECTION('',(1.,0.,0.));
#1966=DIRECTION('',(0.,-1.,0.));
#1967=DIRECTION('center_axis',(0.,0.,-1.));
#1968=DIRECTION('ref_axis',(-1.110223024625E-16,-1.,0.));
#1969=DIRECTION('',(-1.,0.,0.));
#1970=DIRECTION('',(0.,1.,0.));
#1971=DIRECTION('',(1.,0.,0.));
#1972=DIRECTION('',(0.,-1.,0.));
#1973=DIRECTION('center_axis',(0.,-1.,0.));
#1974=DIRECTION('ref_axis',(-1.,0.,0.));
#1975=DIRECTION('',(0.,0.,-1.));
#1976=DIRECTION('',(0.,0.,-1.));
#1977=DIRECTION('center_axis',(-1.,0.,0.));
#1978=DIRECTION('ref_axis',(0.,1.,0.));
#1979=DIRECTION('center_axis',(0.,1.,0.));
#1980=DIRECTION('ref_axis',(1.,0.,0.));
#1981=DIRECTION('',(0.,0.,-1.));
#1982=DIRECTION('center_axis',(0.,0.,1.));
#1983=DIRECTION('ref_axis',(-1.,0.,0.));
#1984=DIRECTION('',(0.,1.,0.));
#1985=DIRECTION('center_axis',(0.,0.,1.));
#1986=DIRECTION('ref_axis',(1.,0.,0.));
#1987=DIRECTION('',(-1.,7.66005067058314E-17,0.));
#1988=DIRECTION('center_axis',(0.,0.,1.));
#1989=DIRECTION('ref_axis',(4.71844785465691E-15,1.,0.));
#1990=DIRECTION('',(8.16949304945479E-18,-1.,0.));
#1991=DIRECTION('center_axis',(0.,0.,1.));
#1992=DIRECTION('ref_axis',(-1.,-2.4980018054066E-15,0.));
#1993=DIRECTION('',(1.,-1.91501266764578E-17,0.));
#1994=DIRECTION('center_axis',(0.,0.,1.));
#1995=DIRECTION('ref_axis',(0.,-1.,0.));
#1996=DIRECTION('center_axis',(1.,0.,0.));
#1997=DIRECTION('ref_axis',(0.,1.,0.));
#1998=DIRECTION('',(0.,0.,1.));
#1999=DIRECTION('',(0.,0.,1.));
#2000=DIRECTION('center_axis',(0.,0.,1.));
#2001=DIRECTION('ref_axis',(1.,0.,0.));
#2002=DIRECTION('',(0.,0.,1.));
#2003=DIRECTION('center_axis',(7.66005067058314E-17,1.,0.));
#2004=DIRECTION('ref_axis',(-1.,7.66005067058314E-17,0.));
#2005=DIRECTION('',(0.,0.,1.));
#2006=DIRECTION('center_axis',(0.,0.,1.));
#2007=DIRECTION('ref_axis',(4.71844785465691E-15,1.,0.));
#2008=DIRECTION('',(0.,0.,1.));
#2009=DIRECTION('center_axis',(-1.,-8.16949304945479E-18,0.));
#2010=DIRECTION('ref_axis',(8.16949304945479E-18,-1.,0.));
#2011=DIRECTION('',(0.,0.,1.));
#2012=DIRECTION('center_axis',(0.,0.,1.));
#2013=DIRECTION('ref_axis',(-1.,-2.4980018054066E-15,0.));
#2014=DIRECTION('',(0.,0.,1.));
#2015=DIRECTION('center_axis',(-1.91501266764578E-17,-1.,0.));
#2016=DIRECTION('ref_axis',(1.,-1.91501266764578E-17,0.));
#2017=DIRECTION('',(0.,0.,1.));
#2018=DIRECTION('center_axis',(0.,0.,1.));
#2019=DIRECTION('ref_axis',(0.,-1.,0.));
#2020=DIRECTION('',(0.,0.,1.));
#2021=DIRECTION('',(1.,0.,0.));
#2022=DIRECTION('',(0.,0.,1.));
#2023=DIRECTION('',(1.,0.,0.));
#2024=CARTESIAN_POINT('',(0.,0.,0.));
#2025=CARTESIAN_POINT('',(0.,0.,0.));
#2026=CARTESIAN_POINT('Origin',(18.2880365761729,32.987360934722,2.610045729405));
#2027=CARTESIAN_POINT('',(19.3614051149809,32.987360934722,2.610045729405));
#2028=CARTESIAN_POINT('Origin',(18.2880365761729,32.987360934722,2.610045729405));
#2029=CARTESIAN_POINT('',(19.3614051149809,30.987360934722,2.610045729405));
#2030=CARTESIAN_POINT('',(19.3614051149809,32.987360934722,2.610045729405));
#2031=CARTESIAN_POINT('Origin',(18.2880365761729,30.987360934722,2.610045729405));
#2032=CARTESIAN_POINT('Origin',(13.4620269241539,32.987360934722,2.610045729405));
#2033=CARTESIAN_POINT('',(14.5353954629619,32.987360934722,2.610045729405));
#2034=CARTESIAN_POINT('Origin',(13.4620269241539,32.987360934722,2.610045729405));
#2035=CARTESIAN_POINT('',(14.5353954629619,30.987360934722,2.610045729405));
#2036=CARTESIAN_POINT('',(14.5353954629619,32.987360934722,2.610045729405));
#2037=CARTESIAN_POINT('Origin',(13.4620269241539,30.987360934722,2.610045729405));
#2038=CARTESIAN_POINT('Origin',(8.74014478038993,32.987360934722,2.610045729405));
#2039=CARTESIAN_POINT('',(9.81351331919786,32.987360934722,2.610045729405));
#2040=CARTESIAN_POINT('Origin',(8.74014478038993,32.987360934722,2.610045729405));
#2041=CARTESIAN_POINT('',(9.81351331919786,30.987360934722,2.610045729405));
#2042=CARTESIAN_POINT('',(9.81351331919786,32.987360934722,2.610045729405));
#2043=CARTESIAN_POINT('Origin',(8.74014478038993,30.987360934722,2.610045729405));
#2044=CARTESIAN_POINT('Origin',(57.487409194818,7.772027045637,-0.299949223739997));
#2045=CARTESIAN_POINT('',(57.487409194818,7.772027045637,-0.29994922374));
#2046=CARTESIAN_POINT('',(57.487409194818,7.772027045637,13.350050561152));
#2047=CARTESIAN_POINT('',(57.487409194818,7.772027045637,5.425025280576));
#2048=CARTESIAN_POINT('',(55.487409194818,7.772027045637,-0.29994922374));
#2049=CARTESIAN_POINT('',(57.487409194818,7.772027045637,-0.29994922374));
#2050=CARTESIAN_POINT('',(55.487409194818,7.772027045637,13.350050561152));
#2051=CARTESIAN_POINT('',(55.487409194818,7.772027045637,5.425025280576));
#2052=CARTESIAN_POINT('',(41.9937319024635,7.772027045637,13.350050561152));
#2053=CARTESIAN_POINT('Origin',(49.000099060198,3.00000508001,0.));
#2054=CARTESIAN_POINT('',(49.750099060198,3.00000508001,0.));
#2055=CARTESIAN_POINT('Origin',(49.000099060198,3.00000508001,0.));
#2056=CARTESIAN_POINT('',(49.750099060198,3.00000508001,-2.));
#2057=CARTESIAN_POINT('',(49.750099060198,3.00000508001,0.));
#2058=CARTESIAN_POINT('Origin',(49.000099060198,3.00000508001,-2.));
#2059=CARTESIAN_POINT('Origin',(49.000099060198,3.00000508001,-2.));
#2060=CARTESIAN_POINT('',(51.500101600203,3.00000508001,0.));
#2061=CARTESIAN_POINT('Origin',(49.000099060198,3.00000508001,0.));
#2062=CARTESIAN_POINT('',(51.500101600203,3.00000508001,-2.));
#2063=CARTESIAN_POINT('',(51.500101600203,3.00000508001,-2.));
#2064=CARTESIAN_POINT('Origin',(49.000099060198,3.00000508001,-2.));
#2065=CARTESIAN_POINT('Origin',(25.750052070104,15.0000292100585,0.));
#2066=CARTESIAN_POINT('Origin',(27.500054610109,15.000030480061,-2.));
#2067=CARTESIAN_POINT('',(-0.4872999746,-0.98729997459995,-2.));
#2068=CARTESIAN_POINT('',(55.487409194818,-0.98729997459995,-2.));
#2069=CARTESIAN_POINT('',(-0.4872999746,-0.98729997459995,-2.));
#2070=CARTESIAN_POINT('',(55.487409194818,30.987360934722,-2.));
#2071=CARTESIAN_POINT('',(55.487409194818,30.987360934722,-2.));
#2072=CARTESIAN_POINT('',(-0.487299974599997,30.987360934722,-2.));
#2073=CARTESIAN_POINT('',(54.487409194818,30.987360934722,-2.));
#2074=CARTESIAN_POINT('',(-0.4872999746,-0.98729997459995,-2.));
#2075=CARTESIAN_POINT('',(5.000007620015,3.00000508001,-2.));
#2076=CARTESIAN_POINT('Origin',(2.50000508001,3.00000508001,-2.));
#2077=CARTESIAN_POINT('',(5.000007620015,27.000053340107,-2.));
#2078=CARTESIAN_POINT('Origin',(2.50000508001,27.000053340107,-2.));
#2079=CARTESIAN_POINT('',(51.500101600203,27.000053340107,-2.));
#2080=CARTESIAN_POINT('Origin',(49.000099060198,27.000053340107,-2.));
#2081=CARTESIAN_POINT('Origin',(2.50000508001,3.00000508001,0.));
#2082=CARTESIAN_POINT('',(3.25000508001,3.00000508001,0.));
#2083=CARTESIAN_POINT('Origin',(2.50000508001,3.00000508001,0.));
#2084=CARTESIAN_POINT('',(3.25000508001,3.00000508001,-2.));
#2085=CARTESIAN_POINT('',(3.25000508001,3.00000508001,0.));
#2086=CARTESIAN_POINT('Origin',(2.50000508001,3.00000508001,-2.));
#2087=CARTESIAN_POINT('Origin',(2.50000508001,3.00000508001,-2.));
#2088=CARTESIAN_POINT('',(5.000007620015,3.00000508001,0.));
#2089=CARTESIAN_POINT('Origin',(2.50000508001,3.00000508001,0.));
#2090=CARTESIAN_POINT('',(5.000007620015,3.00000508001,-2.));
#2091=CARTESIAN_POINT('Origin',(25.750052070104,15.0000292100585,0.));
#2092=CARTESIAN_POINT('Origin',(27.500054610109,15.000030480061,-2.));
#2093=CARTESIAN_POINT('Origin',(49.000099060198,27.000053340107,0.));
#2094=CARTESIAN_POINT('',(49.750099060198,27.000053340107,0.));
#2095=CARTESIAN_POINT('Origin',(49.000099060198,27.000053340107,0.));
#2096=CARTESIAN_POINT('',(49.750099060198,27.000053340107,-2.));
#2097=CARTESIAN_POINT('',(49.750099060198,27.000053340107,0.));
#2098=CARTESIAN_POINT('Origin',(49.000099060198,27.000053340107,-2.));
#2099=CARTESIAN_POINT('Origin',(49.000099060198,27.000053340107,-2.));
#2100=CARTESIAN_POINT('',(51.500101600203,27.000053340107,0.));
#2101=CARTESIAN_POINT('Origin',(49.000099060198,27.000053340107,0.));
#2102=CARTESIAN_POINT('',(51.500101600203,27.000053340107,-2.));
#2103=CARTESIAN_POINT('Origin',(25.750052070104,15.0000292100585,0.));
#2104=CARTESIAN_POINT('Origin',(27.500054610109,15.000030480061,-2.));
#2105=CARTESIAN_POINT('Origin',(2.50000508001,27.000053340107,0.));
#2106=CARTESIAN_POINT('',(3.25000508001,27.000053340107,0.));
#2107=CARTESIAN_POINT('Origin',(2.50000508001,27.000053340107,0.));
#2108=CARTESIAN_POINT('',(3.25000508001,27.000053340107,-2.));
#2109=CARTESIAN_POINT('',(3.25000508001,27.000053340107,0.));
#2110=CARTESIAN_POINT('Origin',(2.50000508001,27.000053340107,-2.));
#2111=CARTESIAN_POINT('Origin',(2.50000508001,27.000053340107,-2.));
#2112=CARTESIAN_POINT('',(5.000007620015,27.000053340107,0.));
#2113=CARTESIAN_POINT('Origin',(2.50000508001,27.000053340107,0.));
#2114=CARTESIAN_POINT('',(5.000007620015,27.000053340107,-2.));
#2115=CARTESIAN_POINT('Origin',(25.750052070104,15.0000292100585,0.));
#2116=CARTESIAN_POINT('Origin',(27.500054610109,15.000030480061,-2.));
#2117=CARTESIAN_POINT('Origin',(-1.4872999746,31.987360934722,-2.));
#2118=CARTESIAN_POINT('',(-2.4872999746,31.987360934722,13.350050561152));
#2119=CARTESIAN_POINT('',(-1.48729997459999,32.987360934722,13.350050561152));
#2120=CARTESIAN_POINT('Origin',(-1.4872999746,31.987360934722,13.350050561152));
#2121=CARTESIAN_POINT('',(-1.48729997459999,32.987360934722,-4.));
#2122=CARTESIAN_POINT('',(-1.4872999746,32.987360934722,-2.));
#2123=CARTESIAN_POINT('',(-2.4872999746,31.987360934722,-4.));
#2124=CARTESIAN_POINT('Origin',(-1.4872999746,31.987360934722,-4.));
#2125=CARTESIAN_POINT('',(-2.4872999746,31.987360934722,-2.));
#2126=CARTESIAN_POINT('Origin',(55.487409194818,32.987360934722,-2.));
#2127=CARTESIAN_POINT('',(56.487409194818,32.987360934722,13.350050561152));
#2128=CARTESIAN_POINT('',(41.4937319024635,32.987360934722,13.350050561152));
#2129=CARTESIAN_POINT('',(56.487409194818,32.987360934722,-4.));
#2130=CARTESIAN_POINT('',(56.487409194818,32.987360934722,-2.));
#2131=CARTESIAN_POINT('',(41.4937319024635,32.987360934722,-4.));
#2132=CARTESIAN_POINT('Origin',(27.500054610109,15.000030480061,13.350050561152));
#2133=CARTESIAN_POINT('',(-2.4872999746,-1.98729997459995,13.350050561152));
#2134=CARTESIAN_POINT('',(-2.4872999746,22.9936957073915,13.350050561152));
#2135=CARTESIAN_POINT('',(-1.4872999746,-2.98729997459995,13.350050561152));
#2136=CARTESIAN_POINT('Origin',(-1.4872999746,-1.98729997459995,13.350050561152));
#2137=CARTESIAN_POINT('',(56.487409194818,-2.98729997459995,13.350050561152));
#2138=CARTESIAN_POINT('',(13.5063773177545,-2.98729997459995,13.350050561152));
#2139=CARTESIAN_POINT('',(57.487409194818,-1.98729997459995,13.350050561152));
#2140=CARTESIAN_POINT('Origin',(56.487409194818,-1.98729997459995,13.350050561152));
#2141=CARTESIAN_POINT('',(57.487409194818,7.00636525273054,13.350050561152));
#2142=CARTESIAN_POINT('',(55.487409194818,-0.98729997459995,13.350050561152));
#2143=CARTESIAN_POINT('',(55.487409194818,7.00636525273054,13.350050561152));
#2144=CARTESIAN_POINT('',(-0.4872999746,-0.98729997459995,13.350050561152));
#2145=CARTESIAN_POINT('',(13.5063773177545,-0.987299974599951,13.350050561152));
#2146=CARTESIAN_POINT('',(-0.487299974599997,30.987360934722,13.350050561152));
#2147=CARTESIAN_POINT('',(-0.487299974600002,22.9936957073915,13.350050561152));
#2148=CARTESIAN_POINT('',(55.487409194818,30.987360934722,13.350050561152));
#2149=CARTESIAN_POINT('',(41.4937319024635,30.987360934722,13.350050561152));
#2150=CARTESIAN_POINT('',(55.487409194818,22.072026802471,13.350050561152));
#2151=CARTESIAN_POINT('',(55.487409194818,7.00636525273054,13.350050561152));
#2152=CARTESIAN_POINT('',(57.487409194818,22.072026802471,13.350050561152));
#2153=CARTESIAN_POINT('',(41.9937319024635,22.072026802471,13.350050561152));
#2154=CARTESIAN_POINT('',(57.487409194818,31.987360934722,13.350050561152));
#2155=CARTESIAN_POINT('',(57.487409194818,7.00636525273054,13.350050561152));
#2156=CARTESIAN_POINT('Origin',(56.487409194818,31.987360934722,13.350050561152));
#2157=CARTESIAN_POINT('Origin',(56.487409194818,31.987360934722,-2.));
#2158=CARTESIAN_POINT('',(57.487409194818,31.987360934722,-4.));
#2159=CARTESIAN_POINT('',(57.487409194818,31.987360934722,-2.));
#2160=CARTESIAN_POINT('Origin',(56.487409194818,31.987360934722,-4.));
#2161=CARTESIAN_POINT('Origin',(57.487409194818,-0.987299974599951,-2.));
#2162=CARTESIAN_POINT('',(57.487409194818,22.072026802471,-0.29994922374));
#2163=CARTESIAN_POINT('',(57.487409194818,22.072026802471,5.425025280576));
#2164=CARTESIAN_POINT('',(57.487409194818,10.5423634139355,-0.29994922374));
#2165=CARTESIAN_POINT('',(57.487409194818,-1.98729997459995,-4.));
#2166=CARTESIAN_POINT('',(57.487409194818,-1.98729997459995,-2.));
#2167=CARTESIAN_POINT('',(57.487409194818,7.00636525273054,-4.));
#2168=CARTESIAN_POINT('Origin',(56.487409194818,-1.98729997459995,-2.));
#2169=CARTESIAN_POINT('',(56.487409194818,-2.98729997459995,-4.));
#2170=CARTESIAN_POINT('',(56.487409194818,-2.98729997459995,-2.));
#2171=CARTESIAN_POINT('Origin',(56.487409194818,-1.98729997459995,-4.));
#2172=CARTESIAN_POINT('Origin',(-0.4872999746,-2.98729997459995,-2.));
#2173=CARTESIAN_POINT('',(-1.4872999746,-2.98729997459995,-4.));
#2174=CARTESIAN_POINT('',(-1.4872999746,-2.98729997459995,-2.));
#2175=CARTESIAN_POINT('',(13.5063773177545,-2.98729997459995,-4.));
#2176=CARTESIAN_POINT('Origin',(-1.4872999746,-1.98729997459995,-2.));
#2177=CARTESIAN_POINT('',(-2.4872999746,-1.98729997459995,-4.));
#2178=CARTESIAN_POINT('',(-2.4872999746,-1.98729997459995,-2.));
#2179=CARTESIAN_POINT('Origin',(-1.4872999746,-1.98729997459995,-4.));
#2180=CARTESIAN_POINT('Origin',(-2.4872999746,30.987360934722,-2.));
#2181=CARTESIAN_POINT('',(-2.4872999746,22.9936957073915,-4.));
#2182=CARTESIAN_POINT('',(-2.4872999746,11.6414326164642,3.85003808649577));
#2183=CARTESIAN_POINT('',(-2.4872999746,11.6414326164638,2.65003810098177));
#2184=CARTESIAN_POINT('',(-2.4872999746,11.6414326164633,0.925019043250625));
#2185=CARTESIAN_POINT('',(-2.4872999746,12.811432604754,1.48003811269166));
#2186=CARTESIAN_POINT('Origin',(-2.4872999746,12.811432604754,2.650038100982));
#2187=CARTESIAN_POINT('',(-2.4872999746,19.751432520976,1.480038112692));
#2188=CARTESIAN_POINT('',(-2.4872999746,21.8993967697379,1.48003811269211));
#2189=CARTESIAN_POINT('',(-2.4872999746,20.921432509266,2.650038100982));
#2190=CARTESIAN_POINT('Origin',(-2.4872999746,19.751432520976,2.650038100982));
#2191=CARTESIAN_POINT('',(-2.4872999746,20.921432509266,3.850038086496));
#2192=CARTESIAN_POINT('',(-2.4872999746,20.921432509266,0.325019050491));
#2193=CARTESIAN_POINT('',(-2.4872999746,19.751432520976,5.020038074786));
#2194=CARTESIAN_POINT('Origin',(-2.4872999746,19.751432520976,3.850038086496));
#2195=CARTESIAN_POINT('',(-2.4872999746,12.811432604754,5.020038074786));
#2196=CARTESIAN_POINT('',(-2.4872999746,25.369396727849,5.020038074786));
#2197=CARTESIAN_POINT('Origin',(-2.4872999746,12.811432604754,3.850038086496));
#2198=CARTESIAN_POINT('Origin',(-2.4872999746,11.6414326164642,3.85003808649577));
#2199=CARTESIAN_POINT('',(-0.4872999746,11.6414326164638,2.65003810098177));
#2200=CARTESIAN_POINT('',(-0.4872999746,11.6414326164642,3.85003808649577));
#2201=CARTESIAN_POINT('',(-0.4872999746,11.6414326164633,0.925019043250625));
#2202=CARTESIAN_POINT('',(-2.4872999746,11.6414326164638,2.65003810098177));
#2203=CARTESIAN_POINT('',(-2.4872999746,11.6414326164642,3.85003808649577));
#2204=CARTESIAN_POINT('Origin',(-2.4872999746,12.811432604754,3.850038086496));
#2205=CARTESIAN_POINT('',(-0.4872999746,12.811432604754,5.020038074786));
#2206=CARTESIAN_POINT('Origin',(-0.4872999746,12.811432604754,3.850038086496));
#2207=CARTESIAN_POINT('',(-2.4872999746,12.811432604754,5.020038074786));
#2208=CARTESIAN_POINT('Origin',(-2.4872999746,19.751432520976,5.020038074786));
#2209=CARTESIAN_POINT('',(-0.4872999746,19.751432520976,5.020038074786));
#2210=CARTESIAN_POINT('',(-0.4872999746,25.369396727849,5.020038074786));
#2211=CARTESIAN_POINT('',(-2.4872999746,19.751432520976,5.020038074786));
#2212=CARTESIAN_POINT('Origin',(-2.4872999746,19.751432520976,3.850038086496));
#2213=CARTESIAN_POINT('',(-0.4872999746,20.921432509266,3.850038086496));
#2214=CARTESIAN_POINT('Origin',(-0.4872999746,19.751432520976,3.850038086496));
#2215=CARTESIAN_POINT('',(-2.4872999746,20.921432509266,3.850038086496));
#2216=CARTESIAN_POINT('Origin',(-2.4872999746,20.921432509266,2.650038100982));
#2217=CARTESIAN_POINT('',(-0.4872999746,20.921432509266,2.650038100982));
#2218=CARTESIAN_POINT('',(-0.4872999746,20.921432509266,0.325019050491));
#2219=CARTESIAN_POINT('',(-2.4872999746,20.921432509266,2.650038100982));
#2220=CARTESIAN_POINT('Origin',(-2.4872999746,19.751432520976,2.650038100982));
#2221=CARTESIAN_POINT('',(-0.4872999746,19.751432520976,1.480038112692));
#2222=CARTESIAN_POINT('Origin',(-0.4872999746,19.751432520976,2.650038100982));
#2223=CARTESIAN_POINT('',(-2.4872999746,19.751432520976,1.480038112692));
#2224=CARTESIAN_POINT('Origin',(-2.4872999746,12.811432604754,1.48003811269166));
#2225=CARTESIAN_POINT('',(-0.4872999746,12.811432604754,1.48003811269166));
#2226=CARTESIAN_POINT('',(-0.4872999746,21.8993967697379,1.48003811269211));
#2227=CARTESIAN_POINT('',(-2.4872999746,12.811432604754,1.48003811269166));
#2228=CARTESIAN_POINT('Origin',(-2.4872999746,12.811432604754,2.650038100982));
#2229=CARTESIAN_POINT('Origin',(-0.4872999746,12.811432604754,2.650038100982));
#2230=CARTESIAN_POINT('Origin',(55.487409194818,-0.987299974599951,-2.));
#2231=CARTESIAN_POINT('',(55.487409194818,22.072026802471,-0.29994922374));
#2232=CARTESIAN_POINT('',(55.487409194818,22.072026802471,5.425025280576));
#2233=CARTESIAN_POINT('',(55.487409194818,30.987360934722,-2.));
#2234=CARTESIAN_POINT('',(55.487409194818,-0.98729997459995,-2.));
#2235=CARTESIAN_POINT('',(55.487409194818,10.5423634139355,-0.29994922374));
#2236=CARTESIAN_POINT('Origin',(57.487409194818,22.072026802471,-0.29994922374));
#2237=CARTESIAN_POINT('',(57.487409194818,22.072026802471,-0.29994922374));
#2238=CARTESIAN_POINT('Origin',(57.487409194818,22.072026802471,12.350050561152));
#2239=CARTESIAN_POINT('Origin',(-0.4872999746,-0.98729997459995,-2.));
#2240=CARTESIAN_POINT('',(-0.4872999746,-0.98729997459995,-2.));
#2241=CARTESIAN_POINT('Origin',(-0.4872999746,30.987360934722,-2.));
#2242=CARTESIAN_POINT('',(-0.487299974599997,30.987360934722,-2.));
#2243=CARTESIAN_POINT('Origin',(55.487409194818,30.987360934722,-2.));
#2244=CARTESIAN_POINT('Origin',(27.500054610109,15.000030480061,-2.));
#2245=CARTESIAN_POINT('Origin',(27.500054610109,15.000030480061,-4.));
#2246=CARTESIAN_POINT('',(0.,0.,0.));
#2247=CARTESIAN_POINT('Origin',(55.487409194818,7.772027045637,10.350050561152));
#2248=CARTESIAN_POINT('',(53.487409194818,7.772027045637,12.550050561152));
#2249=CARTESIAN_POINT('',(53.487409194818,7.772027045637,10.350050561152));
#2250=CARTESIAN_POINT('',(53.487409194818,7.772027045637,11.850050561152));
#2251=CARTESIAN_POINT('',(55.337409194818,7.772027045637,12.550050561152));
#2252=CARTESIAN_POINT('',(55.487409194818,7.772027045637,12.550050561152));
#2253=CARTESIAN_POINT('',(55.337409194818,7.772027045637,10.350050561152));
#2254=CARTESIAN_POINT('',(55.337409194818,7.772027045637,11.850050561152));
#2255=CARTESIAN_POINT('',(41.4937319024635,7.772027045637,10.350050561152));
#2256=CARTESIAN_POINT('Origin',(55.487409194818,22.072026802471,12.550050561152));
#2257=CARTESIAN_POINT('',(53.487409194818,22.072026802471,10.350050561152));
#2258=CARTESIAN_POINT('',(53.487409194818,22.072026802471,12.550050561152));
#2259=CARTESIAN_POINT('',(53.487409194818,22.072026802471,12.950050561152));
#2260=CARTESIAN_POINT('',(55.337409194818,22.072026802471,10.350050561152));
#2261=CARTESIAN_POINT('',(41.4937319024635,22.072026802471,10.350050561152));
#2262=CARTESIAN_POINT('',(55.337409194818,22.072026802471,12.550050561152));
#2263=CARTESIAN_POINT('',(55.337409194818,22.072026802471,12.950050561152));
#2264=CARTESIAN_POINT('',(55.487409194818,22.072026802471,12.550050561152));
#2265=CARTESIAN_POINT('Origin',(53.487409194818,1.01270002540005,13.350050561152));
#2266=CARTESIAN_POINT('',(53.487409194818,9.772027045637,12.550050561152));
#2267=CARTESIAN_POINT('',(53.487409194818,4.39236353551853,12.550050561152));
#2268=CARTESIAN_POINT('',(53.487409194818,1.01270002540005,10.350050561152));
#2269=CARTESIAN_POINT('',(53.487409194818,9.772027045637,10.350050561152));
#2270=CARTESIAN_POINT('',(53.487409194818,1.01270002540005,13.350050561152));
#2271=CARTESIAN_POINT('',(53.487409194818,1.01270002540005,13.350050561152));
#2272=CARTESIAN_POINT('',(53.487409194818,9.772027045637,13.350050561152));
#2273=CARTESIAN_POINT('',(53.487409194818,8.00636525273054,13.350050561152));
#2274=CARTESIAN_POINT('',(53.487409194818,9.772027045637,13.350050561152));
#2275=CARTESIAN_POINT('Origin',(55.337409194818,30.987360934722,13.350050561152));
#2276=CARTESIAN_POINT('',(55.337409194818,30.837360934722,10.350050561152));
#2277=CARTESIAN_POINT('',(55.337409194818,22.9936957073915,10.350050561152));
#2278=CARTESIAN_POINT('',(55.337409194818,30.837360934722,13.350050561152));
#2279=CARTESIAN_POINT('',(55.337409194818,30.837360934722,13.350050561152));
#2280=CARTESIAN_POINT('',(55.337409194818,22.072026802471,13.350050561152));
#2281=CARTESIAN_POINT('',(55.337409194818,22.9936957073915,13.350050561152));
#2282=CARTESIAN_POINT('',(55.337409194818,22.072026802471,13.350050561152));
#2283=CARTESIAN_POINT('Origin',(27.500054610109,15.000030480061,10.350050561152));
#2284=CARTESIAN_POINT('',(55.337409194818,-0.83729997459995,10.350050561152));
#2285=CARTESIAN_POINT('',(55.337409194818,12.386028762849,10.350050561152));
#2286=CARTESIAN_POINT('',(-0.337299974599998,-0.83729997459995,10.350050561152));
#2287=CARTESIAN_POINT('',(41.4937319024635,-0.83729997459995,10.350050561152));
#2288=CARTESIAN_POINT('',(-0.337299974599997,30.837360934722,10.350050561152));
#2289=CARTESIAN_POINT('',(-0.337299974599996,7.00636525273054,10.350050561152));
#2290=CARTESIAN_POINT('',(13.5063773177545,30.837360934722,10.350050561152));
#2291=CARTESIAN_POINT('',(53.487409194818,28.987360934722,10.350050561152));
#2292=CARTESIAN_POINT('',(53.487409194818,28.987360934722,10.350050561152));
#2293=CARTESIAN_POINT('',(1.5127000254,28.987360934722,10.350050561152));
#2294=CARTESIAN_POINT('',(1.5127000254,28.987360934722,10.350050561152));
#2295=CARTESIAN_POINT('',(1.5127000254,1.01270002540005,10.350050561152));
#2296=CARTESIAN_POINT('',(1.5127000254,1.01270002540005,10.350050561152));
#2297=CARTESIAN_POINT('',(53.487409194818,1.01270002540005,10.350050561152));
#2298=CARTESIAN_POINT('Origin',(55.337409194818,9.772027045637,13.350050561152));
#2299=CARTESIAN_POINT('',(55.337409194818,7.772027045637,13.350050561152));
#2300=CARTESIAN_POINT('',(55.337409194818,7.772027045637,13.350050561152));
#2301=CARTESIAN_POINT('',(55.337409194818,-0.83729997459995,13.350050561152));
#2302=CARTESIAN_POINT('',(55.337409194818,12.386028762849,13.350050561152));
#2303=CARTESIAN_POINT('',(55.337409194818,-0.83729997459995,13.350050561152));
#2304=CARTESIAN_POINT('Origin',(53.487409194818,9.772027045637,13.350050561152));
#2305=CARTESIAN_POINT('',(55.487409194818,9.772027045637,12.550050561152));
#2306=CARTESIAN_POINT('',(54.487409194818,9.772027045637,12.550050561152));
#2307=CARTESIAN_POINT('',(55.487409194818,9.772027045637,13.350050561152));
#2308=CARTESIAN_POINT('',(40.4937319024635,9.772027045637,13.350050561152));
#2309=CARTESIAN_POINT('',(55.487409194818,9.772027045637,13.350050561152));
#2310=CARTESIAN_POINT('Origin',(1.5127000254,1.01270002540005,13.350050561152));
#2311=CARTESIAN_POINT('',(1.5127000254,1.01270002540005,13.350050561152));
#2312=CARTESIAN_POINT('',(14.5063773177545,1.01270002540005,13.350050561152));
#2313=CARTESIAN_POINT('',(1.5127000254,1.01270002540005,13.350050561152));
#2314=CARTESIAN_POINT('Origin',(1.5127000254,28.987360934722,13.350050561152));
#2315=CARTESIAN_POINT('',(1.5127000254,28.987360934722,13.350050561152));
#2316=CARTESIAN_POINT('',(1.5127000254,21.9936957073915,13.350050561152));
#2317=CARTESIAN_POINT('',(1.5127000254,28.987360934722,13.350050561152));
#2318=CARTESIAN_POINT('Origin',(53.487409194818,28.987360934722,13.350050561152));
#2319=CARTESIAN_POINT('',(53.487409194818,28.987360934722,13.350050561152));
#2320=CARTESIAN_POINT('',(40.4937319024635,28.987360934722,13.350050561152));
#2321=CARTESIAN_POINT('',(53.487409194818,28.987360934722,13.350050561152));
#2322=CARTESIAN_POINT('Origin',(53.487409194818,20.072026802471,13.350050561152));
#2323=CARTESIAN_POINT('',(53.487409194818,20.072026802471,12.550050561152));
#2324=CARTESIAN_POINT('',(53.487409194818,20.072026802471,12.550050561152));
#2325=CARTESIAN_POINT('',(53.487409194818,20.072026802471,13.350050561152));
#2326=CARTESIAN_POINT('',(53.487409194818,20.072026802471,13.350050561152));
#2327=CARTESIAN_POINT('',(53.487409194818,17.536028641266,13.350050561152));
#2328=CARTESIAN_POINT('Origin',(55.487409194818,20.072026802471,13.350050561152));
#2329=CARTESIAN_POINT('',(55.487409194818,20.072026802471,12.550050561152));
#2330=CARTESIAN_POINT('',(55.487409194818,20.072026802471,12.550050561152));
#2331=CARTESIAN_POINT('',(55.487409194818,20.072026802471,13.350050561152));
#2332=CARTESIAN_POINT('',(55.487409194818,20.072026802471,13.350050561152));
#2333=CARTESIAN_POINT('',(41.4937319024635,20.072026802471,13.350050561152));
#2334=CARTESIAN_POINT('Origin',(-0.487299974599997,30.837360934722,13.350050561152));
#2335=CARTESIAN_POINT('',(-0.337299974599997,30.837360934722,13.350050561152));
#2336=CARTESIAN_POINT('',(13.5063773177545,30.837360934722,13.350050561152));
#2337=CARTESIAN_POINT('',(-0.337299974599997,30.837360934722,13.350050561152));
#2338=CARTESIAN_POINT('Origin',(-0.337299974599997,-0.98729997459995,13.350050561152));
#2339=CARTESIAN_POINT('',(-0.337299974599998,-0.83729997459995,13.350050561152));
#2340=CARTESIAN_POINT('',(-0.337299974599996,7.00636525273054,13.350050561152));
#2341=CARTESIAN_POINT('',(-0.337299974599996,-0.83729997459995,13.350050561152));
#2342=CARTESIAN_POINT('Origin',(55.487409194818,-0.83729997459995,13.350050561152));
#2343=CARTESIAN_POINT('',(41.4937319024635,-0.83729997459995,13.350050561152));
#2344=CARTESIAN_POINT('Origin',(27.500054610109,15.000030480061,13.350050561152));
#2345=CARTESIAN_POINT('',(57.487409194818,7.772027045637,13.350050561152));
#2346=CARTESIAN_POINT('',(42.4937319024635,7.772027045637,13.350050561152));
#2347=CARTESIAN_POINT('',(57.487409194818,-1.98729997459995,13.350050561152));
#2348=CARTESIAN_POINT('',(57.487409194818,6.50636525273054,13.350050561152));
#2349=CARTESIAN_POINT('',(56.487409194818,-2.98729997459995,13.350050561152));
#2350=CARTESIAN_POINT('Origin',(56.487409194818,-1.98729997459995,13.350050561152));
#2351=CARTESIAN_POINT('',(-1.4872999746,-2.98729997459995,13.350050561152));
#2352=CARTESIAN_POINT('',(-1.4872999746,-2.98729997459995,13.350050561152));
#2353=CARTESIAN_POINT('',(-2.4872999746,-1.98729997459995,13.350050561152));
#2354=CARTESIAN_POINT('Origin',(-1.4872999746,-1.98729997459995,13.350050561152));
#2355=CARTESIAN_POINT('',(-2.4872999746,31.987360934722,13.350050561152));
#2356=CARTESIAN_POINT('',(-2.4872999746,31.987360934722,13.350050561152));
#2357=CARTESIAN_POINT('',(-1.48729997459999,32.987360934722,13.350050561152));
#2358=CARTESIAN_POINT('Origin',(-1.4872999746,31.987360934722,13.350050561152));
#2359=CARTESIAN_POINT('',(56.487409194818,32.987360934722,13.350050561152));
#2360=CARTESIAN_POINT('',(56.487409194818,32.987360934722,13.350050561152));
#2361=CARTESIAN_POINT('',(57.487409194818,31.987360934722,13.350050561152));
#2362=CARTESIAN_POINT('Origin',(56.487409194818,31.987360934722,13.350050561152));
#2363=CARTESIAN_POINT('',(57.487409194818,22.072026802471,13.350050561152));
#2364=CARTESIAN_POINT('',(57.487409194818,6.50636525273054,13.350050561152));
#2365=CARTESIAN_POINT('',(41.4937319024635,22.072026802471,13.350050561152));
#2366=CARTESIAN_POINT('Origin',(55.487409194818,12.822026959764,13.350050561152));
#2367=CARTESIAN_POINT('',(57.487409194818,12.822026959764,13.350050561152));
#2368=CARTESIAN_POINT('',(55.487409194818,12.822026959764,13.350050561152));
#2369=CARTESIAN_POINT('',(41.4937319024635,12.822026959764,13.350050561152));
#2370=CARTESIAN_POINT('',(57.487409194818,12.822026959764,12.550050561152));
#2371=CARTESIAN_POINT('',(57.487409194818,12.822026959764,13.350050561152));
#2372=CARTESIAN_POINT('',(55.487409194818,12.822026959764,12.550050561152));
#2373=CARTESIAN_POINT('',(57.487409194818,12.822026959764,12.550050561152));
#2374=CARTESIAN_POINT('',(55.487409194818,12.822026959764,13.350050561152));
#2375=CARTESIAN_POINT('Origin',(55.487409194818,7.772027045637,13.350050561152));
#2376=CARTESIAN_POINT('',(55.487409194818,11.386028762849,13.350050561152));
#2377=CARTESIAN_POINT('',(55.487409194818,12.822026959764,12.550050561152));
#2378=CARTESIAN_POINT('Origin',(57.487409194818,7.772027045637,13.350050561152));
#2379=CARTESIAN_POINT('',(57.487409194818,7.772027045637,12.550050561152));
#2380=CARTESIAN_POINT('',(57.487409194818,7.772027045637,12.550050561152));
#2381=CARTESIAN_POINT('',(57.487409194818,7.772027045637,13.350050561152));
#2382=CARTESIAN_POINT('Origin',(56.487409194818,10.2970270027005,12.550050561152));
#2383=CARTESIAN_POINT('',(57.487409194818,7.772027045637,12.550050561152));
#2384=CARTESIAN_POINT('Origin',(27.500054610109,15.000030480061,13.350050561152));
#2385=CARTESIAN_POINT('',(55.487409194818,17.022026888344,13.350050561152));
#2386=CARTESIAN_POINT('',(55.487409194818,16.0110286842025,13.350050561152));
#2387=CARTESIAN_POINT('',(57.487409194818,17.022026888344,13.350050561152));
#2388=CARTESIAN_POINT('',(42.4937319024635,17.022026888344,13.350050561152));
#2389=CARTESIAN_POINT('',(57.487409194818,6.50636525273054,13.350050561152));
#2390=CARTESIAN_POINT('Origin',(56.487409194818,19.5470268454075,12.550050561152));
#2391=CARTESIAN_POINT('',(57.487409194818,17.022026888344,12.550050561152));
#2392=CARTESIAN_POINT('',(55.487409194818,17.022026888344,12.550050561152));
#2393=CARTESIAN_POINT('',(57.487409194818,17.022026888344,12.550050561152));
#2394=CARTESIAN_POINT('',(55.487409194818,17.022026888344,12.550050561152));
#2395=CARTESIAN_POINT('',(57.487409194818,22.072026802471,12.550050561152));
#2396=CARTESIAN_POINT('',(55.487409194818,22.072026802471,12.550050561152));
#2397=CARTESIAN_POINT('',(57.487409194818,22.072026802471,12.550050561152));
#2398=CARTESIAN_POINT('Origin',(57.487409194818,17.022026888344,13.350050561152));
#2399=CARTESIAN_POINT('',(55.487409194818,17.022026888344,13.350050561152));
#2400=CARTESIAN_POINT('',(57.487409194818,17.022026888344,13.350050561152));
#2401=CARTESIAN_POINT('Origin',(55.487409194818,17.022026888344,13.350050561152));
#2402=CARTESIAN_POINT('Origin',(55.487409194818,22.072026802471,13.350050561152));
#2403=CARTESIAN_POINT('',(57.487409194818,22.072026802471,13.350050561152));
#2404=CARTESIAN_POINT('Origin',(27.500054610109,15.000030480061,14.950050561152));
#2405=CARTESIAN_POINT('',(57.487409194818,-1.98729997459995,14.950050561152));
#2406=CARTESIAN_POINT('',(57.487409194818,31.987360934722,14.950050561152));
#2407=CARTESIAN_POINT('',(57.487409194818,7.772027045637,14.950050561152));
#2408=CARTESIAN_POINT('',(56.487409194818,32.987360934722,14.950050561152));
#2409=CARTESIAN_POINT('Origin',(56.487409194818,31.987360934722,14.950050561152));
#2410=CARTESIAN_POINT('',(-1.48729997459999,32.987360934722,14.950050561152));
#2411=CARTESIAN_POINT('',(56.487409194818,32.987360934722,14.950050561152));
#2412=CARTESIAN_POINT('',(-2.4872999746,31.987360934722,14.950050561152));
#2413=CARTESIAN_POINT('Origin',(-1.4872999746,31.987360934722,14.950050561152));
#2414=CARTESIAN_POINT('',(-2.4872999746,-1.98729997459995,14.950050561152));
#2415=CARTESIAN_POINT('',(-2.4872999746,31.987360934722,14.950050561152));
#2416=CARTESIAN_POINT('',(-1.4872999746,-2.98729997459995,14.950050561152));
#2417=CARTESIAN_POINT('Origin',(-1.4872999746,-1.98729997459995,14.950050561152));
#2418=CARTESIAN_POINT('',(56.487409194818,-2.98729997459995,14.950050561152));
#2419=CARTESIAN_POINT('',(-1.4872999746,-2.98729997459995,14.950050561152));
#2420=CARTESIAN_POINT('Origin',(56.487409194818,-1.98729997459995,14.950050561152));
#2421=CARTESIAN_POINT('Origin',(57.487409194818,-1.98729997459995,13.350050561152));
#2422=CARTESIAN_POINT('',(57.487409194818,31.987360934722,13.350050561152));
#2423=CARTESIAN_POINT('',(57.487409194818,-1.98729997459995,13.350050561152));
#2424=CARTESIAN_POINT('Origin',(56.487409194818,31.987360934722,13.350050561152));
#2425=CARTESIAN_POINT('',(56.487409194818,32.987360934722,13.350050561152));
#2426=CARTESIAN_POINT('Origin',(56.487409194818,32.987360934722,13.350050561152));
#2427=CARTESIAN_POINT('',(-1.48729997459999,32.987360934722,13.350050561152));
#2428=CARTESIAN_POINT('Origin',(-1.4872999746,31.987360934722,13.350050561152));
#2429=CARTESIAN_POINT('',(-2.4872999746,31.987360934722,13.350050561152));
#2430=CARTESIAN_POINT('Origin',(-2.4872999746,31.987360934722,13.350050561152));
#2431=CARTESIAN_POINT('',(-2.4872999746,-1.98729997459995,13.350050561152));
#2432=CARTESIAN_POINT('Origin',(-1.4872999746,-1.98729997459995,13.350050561152));
#2433=CARTESIAN_POINT('',(-1.4872999746,-2.98729997459995,13.350050561152));
#2434=CARTESIAN_POINT('Origin',(-1.4872999746,-2.98729997459995,13.350050561152));
#2435=CARTESIAN_POINT('',(56.487409194818,-2.98729997459995,13.350050561152));
#2436=CARTESIAN_POINT('Origin',(56.487409194818,-1.98729997459995,13.350050561152));
#2437=CARTESIAN_POINT('',(0.,0.,0.));
#2438=CARTESIAN_POINT('',(0.,0.,0.));
#2439=UNCERTAINTY_MEASURE_WITH_UNIT(LENGTH_MEASURE(0.01),#2447,
'DISTANCE_ACCURACY_VALUE',
'Maximum model space distance between geometric entities at asserted c
onnectivities');
#2440=UNCERTAINTY_MEASURE_WITH_UNIT(LENGTH_MEASURE(0.01),#2447,
'DISTANCE_ACCURACY_VALUE',
'Maximum model space distance between geometric entities at asserted c
onnectivities');
#2441=UNCERTAINTY_MEASURE_WITH_UNIT(LENGTH_MEASURE(0.01),#2447,
'DISTANCE_ACCURACY_VALUE',
'Maximum model space distance between geometric entities at asserted c
onnectivities');
#2442=UNCERTAINTY_MEASURE_WITH_UNIT(LENGTH_MEASURE(0.01),#2447,
'DISTANCE_ACCURACY_VALUE',
'Maximum model space distance between geometric entities at asserted c
onnectivities');
#2443=(
GEOMETRIC_REPRESENTATION_CONTEXT(3)
GLOBAL_UNCERTAINTY_ASSIGNED_CONTEXT((#2439))
GLOBAL_UNIT_ASSIGNED_CONTEXT((#2447,#2449,#2450))
REPRESENTATION_CONTEXT('','3D')
);
#2444=(
GEOMETRIC_REPRESENTATION_CONTEXT(3)
GLOBAL_UNCERTAINTY_ASSIGNED_CONTEXT((#2440))
GLOBAL_UNIT_ASSIGNED_CONTEXT((#2447,#2449,#2450))
REPRESENTATION_CONTEXT('','3D')
);
#2445=(
GEOMETRIC_REPRESENTATION_CONTEXT(3)
GLOBAL_UNCERTAINTY_ASSIGNED_CONTEXT((#2441))
GLOBAL_UNIT_ASSIGNED_CONTEXT((#2447,#2449,#2450))
REPRESENTATION_CONTEXT('','3D')
);
#2446=(
GEOMETRIC_REPRESENTATION_CONTEXT(3)
GLOBAL_UNCERTAINTY_ASSIGNED_CONTEXT((#2442))
GLOBAL_UNIT_ASSIGNED_CONTEXT((#2447,#2449,#2450))
REPRESENTATION_CONTEXT('','3D')
);
#2447=(
LENGTH_UNIT()
NAMED_UNIT(*)
SI_UNIT(.MILLI.,.METRE.)
);
#2448=(
LENGTH_UNIT()
NAMED_UNIT(*)
SI_UNIT($,.METRE.)
);
#2449=(
NAMED_UNIT(*)
PLANE_ANGLE_UNIT()
SI_UNIT($,.RADIAN.)
);
#2450=(
NAMED_UNIT(*)
SI_UNIT($,.STERADIAN.)
SOLID_ANGLE_UNIT()
);
#2451=SHAPE_DEFINITION_REPRESENTATION(#2454,#2459);
#2452=SHAPE_DEFINITION_REPRESENTATION(#2455,#2460);
#2453=SHAPE_DEFINITION_REPRESENTATION(#2456,#2461);
#2454=PRODUCT_DEFINITION_SHAPE('',$,#2463);
#2455=PRODUCT_DEFINITION_SHAPE('',$,#2464);
#2456=PRODUCT_DEFINITION_SHAPE('',$,#2465);
#2457=PRODUCT_DEFINITION_SHAPE($,$,#17);
#2458=PRODUCT_DEFINITION_SHAPE($,$,#18);
#2459=SHAPE_REPRESENTATION('',(#1481,#1609,#1610),#2443);
#2460=SHAPE_REPRESENTATION('',(#1482),#2444);
#2461=SHAPE_REPRESENTATION('',(#1566),#2445);
#2462=PRODUCT_DEFINITION_CONTEXT('part definition',#2473,'design');
#2463=PRODUCT_DEFINITION('EasyEDA PCB Model~Q1T7',
'FLARM_USB_UPDATER v5',#2466,#2462);
#2464=PRODUCT_DEFINITION('Box for PCB','Box for PCB',#2467,#2462);
#2465=PRODUCT_DEFINITION('Component30','Component30',#2468,#2462);
#2466=PRODUCT_DEFINITION_FORMATION('',$,#2475);
#2467=PRODUCT_DEFINITION_FORMATION('',$,#2476);
#2468=PRODUCT_DEFINITION_FORMATION('',$,#2477);
#2469=PRODUCT_RELATED_PRODUCT_CATEGORY('FLARM_USB_UPDATER v5',
'FLARM_USB_UPDATER v5',(#2475));
#2470=PRODUCT_RELATED_PRODUCT_CATEGORY('Box for PCB','Box for PCB',(#2476));
#2471=PRODUCT_RELATED_PRODUCT_CATEGORY('Component30','Component30',(#2477));
#2472=APPLICATION_PROTOCOL_DEFINITION('international standard',
'automotive_design',2009,#2473);
#2473=APPLICATION_CONTEXT(
'Core Data for Automotive Mechanical Design Process');
#2474=PRODUCT_CONTEXT('part definition',#2473,'mechanical');
#2475=PRODUCT('EasyEDA PCB Model~Q1T7','FLARM_USB_UPDATER v5',
'Designed by EasyEDA Pro',(#2474));
#2476=PRODUCT('Box for PCB','Box for PCB',$,(#2474));
#2477=PRODUCT('Component30','Component30',$,(#2474));
#2478=PRESENTATION_STYLE_ASSIGNMENT((#2479));
#2479=SURFACE_STYLE_USAGE(.BOTH.,#2480);
#2480=SURFACE_SIDE_STYLE('',(#2481));
#2481=SURFACE_STYLE_FILL_AREA(#2482);
#2482=FILL_AREA_STYLE('Steel - Satin',(#2483));
#2483=FILL_AREA_STYLE_COLOUR('Steel - Satin',#2484);
#2484=COLOUR_RGB('Steel - Satin',0.627450980392157,0.627450980392157,0.627450980392157);
ENDSEC;
END-ISO-10303-21;
